,As of date,As of time,Number of confirmed cases,Number of ruled out cases,Number of cases still hospitalised for investigation,Number of cases fulfilling the reporting criteria,Number of death cases,Number of discharge cases,Number of probable cases,Number of hospitalised cases in critical condition,Number of cases tested positive for SARS-CoV-2 virus by nucleic acid tests,Number of cases tested positive for SARS-CoV-2 virus by rapid antigen tests
0,08/01/2020,12:00,0.0,21.0,17.0,38.0,0,0.0,0.0,,,
1,09/01/2020,12:00,0.0,25.0,23.0,48.0,0,0.0,0.0,,,
2,10/01/2020,12:00,0.0,31.0,23.0,54.0,0,0.0,0.0,,,
3,11/01/2020,12:00,0.0,46.0,15.0,61.0,0,0.0,0.0,,,
4,12/01/2020,12:00,0.0,51.0,16.0,67.0,0,0.0,0.0,,,
5,13/01/2020,12:00,0.0,56.0,12.0,68.0,0,0.0,0.0,,,
6,14/01/2020,12:00,0.0,60.0,11.0,71.0,0,0.0,0.0,,,
7,15/01/2020,12:00,0.0,66.0,10.0,76.0,0,0.0,0.0,,,
8,16/01/2020,12:00,0.0,71.0,7.0,78.0,0,0.0,0.0,,,
9,17/01/2020,12:00,0.0,75.0,6.0,81.0,0,0.0,0.0,,,
10,18/01/2020,12:00,0.0,76.0,14.0,90.0,0,0.0,0.0,,,
11,19/01/2020,12:00,0.0,80.0,19.0,99.0,0,0.0,0.0,,,
12,20/01/2020,12:00,0.0,81.0,25.0,106.0,0,0.0,0.0,,,
13,21/01/2020,12:00,0.0,88.0,30.0,118.0,0,0.0,0.0,,,
14,22/01/2020,12:00,0.0,97.0,38.0,135.0,0,0.0,0.0,,,
15,23/01/2020,12:00,2.0,109.0,65.0,176.0,0,0.0,0.0,,,
16,24/01/2020,12:00,5.0,122.0,117.0,244.0,0,0.0,0.0,,,
17,25/01/2020,12:00,5.0,163.0,137.0,305.0,0,0.0,0.0,,,
18,26/01/2020,12:00,8.0,219.0,155.0,382.0,0,0.0,0.0,,,
19,27/01/2020,12:00,8.0,276.0,167.0,451.0,0,0.0,0.0,,,
20,28/01/2020,12:00,8.0,332.0,189.0,529.0,0,0.0,0.0,,,
21,29/01/2020,12:00,10.0,416.0,159.0,585.0,0,0.0,0.0,,,
22,30/01/2020,23:59,12.0,478.0,191.0,680.0,0,0.0,0.0,,,
23,31/01/2020,12:00,13.0,550.0,203.0,766.0,0,0.0,0.0,,,
24,01/02/2020,23:59,14.0,634.0,188.0,835.0,0,0.0,0.0,,,
25,02/02/2020,12:00,15.0,699.0,168.0,882.0,0,0.0,0.0,,,
26,03/02/2020,12:00,15.0,744.0,159.0,918.0,0,0.0,0.0,,,
27,04/02/2020,23:59,18.0,808.0,157.0,982.0,1,0.0,0.0,,,
28,05/02/2020,12:00,21.0,868.0,154.0,1043.0,1,0.0,0.0,,,
29,06/02/2020,23:59,24.0,920.0,158.0,1100.0,1,0.0,0.0,,,
30,07/02/2020,23:59,26.0,975.0,158.0,1158.0,1,0.0,0.0,,,
31,08/02/2020,12:00,26.0,1035.0,141.0,1202.0,1,0.0,0.0,,,
32,09/02/2020,12:00,36.0,1066.0,129.0,1231.0,1,0.0,0.0,,,
33,10/02/2020,23:59,42.0,1089.0,143.0,1273.0,1,0.0,0.0,,,
34,11/02/2020,23:59,49.0,1123.0,154.0,1325.0,1,0.0,0.0,,,
35,12/02/2020,12:00,50.0,1164.0,170.0,1384.0,1,1.0,0.0,,,
36,13/02/2020,12:00,53.0,1222.0,161.0,1436.0,1,1.0,0.0,,,
37,14/02/2020,12:00,56.0,1274.0,142.0,1472.0,1,1.0,0.0,,,
38,15/02/2020,12:00,56.0,1312.0,149.0,1517.0,1,1.0,0.0,,,
39,16/02/2020,12:00,57.0,1341.0,136.0,1534.0,1,2.0,0.0,,,
40,17/02/2020,12:00,60.0,1366.0,123.0,1549.0,1,2.0,0.0,,,
41,18/02/2020,12:00,61.0,1384.0,133.0,1578.0,1,4.0,0.0,,,
42,19/02/2020,12:00,63.0,1417.0,129.0,1609.0,2,5.0,0.0,,,
43,20/02/2020,12:00,67.0,1448.0,113.0,1628.0,2,5.0,0.0,,,
44,21/02/2020,12:00,68.0,1472.0,111.0,1652.0,2,6.0,1.0,,,
45,22/02/2020,12:00,68.0,1494.0,108.0,1671.0,2,11.0,1.0,,,
46,23/02/2020,12:00,74.0,1510.0,119.0,1703.0,2,12.0,0.0,,,
47,24/02/2020,12:00,77.0,1538.0,116.0,1731.0,2,19.0,0.0,,,
48,25/02/2020,12:00,85.0,1566.0,112.0,1763.0,2,18.0,0.0,,,
49,26/02/2020,12:00,91.0,1601.0,128.0,1820.0,2,24.0,0.0,,,
50,27/02/2020,12:00,92.0,1663.0,134.0,1889.0,2,26.0,0.0,,,
51,28/02/2020,12:00,94.0,1718.0,124.0,1936.0,2,30.0,0.0,,,
52,29/02/2020,12:00,94.0,1770.0,120.0,1984.0,2,33.0,0.0,,,
53,01/03/2020,12:00,97.0,1805.0,129.0,2033.0,2,36.0,2.0,,,
54,02/03/2020,12:00,99.0,1853.0,135.0,2088.0,2,36.0,1.0,,,
55,03/03/2020,12:00,100.0,1898.0,136.0,2135.0,2,37.0,1.0,,,
56,04/03/2020,12:00,103.0,1940.0,134.0,2178.0,2,43.0,1.0,,,
57,05/03/2020,12:00,104.0,1979.0,127.0,2211.0,2,46.0,1.0,,,
58,06/03/2020,12:00,106.0,2011.0,131.0,2249.0,2,51.0,1.0,,,
59,07/03/2020,12:00,108.0,2055.0,117.0,2281.0,2,55.0,1.0,,,
60,08/03/2020,12:00,113.0,2079.0,113.0,2306.0,3,59.0,1.0,,,
61,09/03/2020,12:00,115.0,2096.0,134.0,2346.0,3,60.0,1.0,,,
62,10/03/2020,12:00,117.0,2132.0,136.0,2386.0,3,65.0,1.0,,,
63,11/03/2020,12:00,129.0,2156.0,146.0,2432.0,3,67.0,1.0,,,
64,12/03/2020,12:00,130.0,2190.0,155.0,2476.0,3,75.0,1.0,,,
65,13/03/2020,12:00,132.0,2234.0,156.0,2523.0,4,78.0,1.0,,,
66,14/03/2020,12:00,139.0,2288.0,153.0,2581.0,4,81.0,1.0,,,
67,15/03/2020,12:00,147.0,2330.0,167.0,2645.0,4,84.0,1.0,,,
68,16/03/2020,12:00,156.0,2395.0,174.0,2726.0,4,88.0,1.0,,,
69,17/03/2020,12:00,164.0,2451.0,270.0,2886.0,4,92.0,1.0,,,
70,18/03/2020,12:00,184.0,2636.0,238.0,3059.0,4,95.0,1.0,,,
71,19/03/2020,12:00,206.0,2752.0,362.0,3321.0,4,98.0,1.0,,,
72,20/03/2020,12:00,250.0,3046.0,291.0,3588.0,4,98.0,1.0,,,
73,21/03/2020,16:00,273.0,3248.0,311.0,3831.0,4,100.0,1.0,,,
74,22/03/2020,16:00,317.0,3327.0,464.0,4096.0,4,100.0,1.0,,,
75,23/03/2020,16:00,351.0,3647.0,310.0,4309.0,4,101.0,1.0,,,
76,24/03/2020,16:00,382.0,3881.0,293.0,4557.0,4,102.0,1.0,,,
77,25/03/2020,16:00,407.0,4054.0,301.0,4756.0,4,106.0,1.0,,,
78,26/03/2020,16:00,452.0,4251.0,262.0,4966.0,4,110.0,1.0,,,
79,27/03/2020,16:00,494.0,4573.0,224.0,5292.0,4,111.0,1.0,,,
80,28/03/2020,12:00,526.0,4834.0,233.0,5594.0,4,112.0,1.0,,,
81,29/03/2020,12:00,577.0,5023.0,197.0,5798.0,4,118.0,1.0,,,
82,30/03/2020,12:00,623.0,5181.0,184.0,5989.0,4,124.0,1.0,,,
83,31/03/2020,12:00,680.0,5393.0,197.0,6271.0,4,128.0,1.0,,,
84,01/04/2020,12:00,737.0,5564.0,149.0,6451.0,4,147.0,1.0,,,
85,02/04/2020,12:00,784.0,5671.0,141.0,6597.0,4,154.0,1.0,,,
86,03/04/2020,12:00,831.0,5757.0,133.0,6722.0,4,173.0,1.0,,,
87,04/04/2020,12:00,853.0,5883.0,151.0,6888.0,4,186.0,1.0,,,
88,05/04/2020,12:00,882.0,6057.0,132.0,7072.0,4,206.0,1.0,,,
89,06/04/2020,12:00,914.0,,,,4,216.0,1.0,12.0,,
90,07/04/2020,12:00,935.0,,,,4,236.0,1.0,14.0,,
91,08/04/2020,12:00,960.0,,,,4,264.0,1.0,14.0,,
92,09/04/2020,12:00,973.0,,,,4,293.0,1.0,14.0,,
93,10/04/2020,12:00,989.0,,,,4,309.0,1.0,15.0,,
94,11/04/2020,12:00,1000.0,,,,4,336.0,1.0,14.0,,
95,12/04/2020,12:00,1004.0,,,,4,360.0,1.0,13.0,,
96,13/04/2020,12:00,1009.0,,,,4,397.0,1.0,13.0,,
97,14/04/2020,12:00,1012.0,,,,4,434.0,1.0,13.0,,
98,15/04/2020,12:00,1016.0,,,,4,459.0,1.0,10.0,,
99,16/04/2020,12:00,1017.0,,,,4,485.0,1.0,9.0,,
100,17/04/2020,12:00,1021.0,,,,4,532.0,1.0,9.0,,
101,18/04/2020,12:00,1023.0,,,,4,568.0,1.0,9.0,,
102,19/04/2020,12:00,1025.0,,,,4,602.0,1.0,8.0,,
103,20/04/2020,12:00,1025.0,,,,4,630.0,1.0,8.0,,
104,21/04/2020,12:00,1029.0,,,,4,650.0,1.0,8.0,,
105,22/04/2020,12:00,1033.0,,,,4,678.0,1.0,8.0,,
106,23/04/2020,12:00,1035.0,,,,4,699.0,1.0,9.0,,
107,24/04/2020,12:00,1035.0,,,,4,725.0,1.0,7.0,,
108,25/04/2020,12:00,1037.0,,,,4,753.0,1.0,4.0,,
109,26/04/2020,12:00,1037.0,,,,4,772.0,1.0,4.0,,
110,27/04/2020,12:00,1037.0,,,,4,787.0,1.0,4.0,,
111,28/04/2020,12:00,1037.0,,,,4,811.0,1.0,4.0,,
112,29/04/2020,12:00,1037.0,,,,4,830.0,1.0,4.0,,
113,30/04/2020,12:00,1037.0,,,,4,846.0,1.0,4.0,,
114,01/05/2020,12:00,1039.0,,,,4,859.0,1.0,4.0,,
115,02/05/2020,12:00,1039.0,,,,4,864.0,1.0,4.0,,
116,03/05/2020,12:00,1039.0,,,,4,879.0,1.0,3.0,,
117,04/05/2020,12:00,1040.0,,,,4,900.0,1.0,1.0,,
118,05/05/2020,12:00,1040.0,,,,4,920.0,1.0,1.0,,
119,06/05/2020,12:00,1040.0,,,,4,932.0,1.0,2.0,,
120,07/05/2020,12:00,1044.0,,,,4,944.0,1.0,1.0,,
121,08/05/2020,12:00,1044.0,,,,4,960.0,1.0,1.0,,
122,09/05/2020,12:00,1044.0,,,,4,967.0,1.0,1.0,,
123,10/05/2020,12:00,1047.0,,,,4,982.0,1.0,1.0,,
124,11/05/2020,12:00,1047.0,,,,4,985.0,1.0,1.0,,
125,12/05/2020,12:00,1047.0,,,,4,991.0,1.0,1.0,,
126,13/05/2020,12:00,1050.0,,,,4,1008.0,1.0,1.0,,
127,14/05/2020,12:00,1051.0,,,,4,1009.0,1.0,1.0,,
128,15/05/2020,12:00,1052.0,,,,4,1019.0,1.0,1.0,,
129,16/05/2020,12:00,1052.0,,,,4,1022.0,1.0,1.0,,
130,17/05/2020,12:00,1055.0,,,,4,1024.0,1.0,1.0,,
131,18/05/2020,12:00,1055.0,,,,4,1025.0,1.0,1.0,,
132,19/05/2020,12:00,1055.0,,,,4,1025.0,1.0,1.0,,
133,20/05/2020,12:00,1055.0,,,,4,1026.0,1.0,1.0,,
134,21/05/2020,12:00,1063.0,,,,4,1029.0,1.0,1.0,,
135,22/05/2020,12:00,1065.0,,,,4,1029.0,1.0,1.0,,
136,23/05/2020,12:00,1065.0,,,,4,1029.0,1.0,1.0,,
137,24/05/2020,12:00,1065.0,,,,4,1030.0,1.0,1.0,,
138,25/05/2020,12:00,1065.0,,,,4,1030.0,1.0,0.0,,
139,26/05/2020,12:00,1065.0,,,,4,1033.0,1.0,1.0,,
140,27/05/2020,12:00,1066.0,,,,4,1034.0,1.0,1.0,,
141,28/05/2020,12:00,1066.0,,,,4,1035.0,1.0,1.0,,
142,29/05/2020,12:00,1079.0,,,,4,1035.0,1.0,1.0,,
143,30/05/2020,12:00,1082.0,,,,4,1036.0,1.0,1.0,,
144,31/05/2020,12:00,1084.0,,,,4,1037.0,1.0,2.0,,
145,01/06/2020,12:00,1087.0,,,,4,1037.0,1.0,2.0,,
146,02/06/2020,12:00,1093.0,,,,4,1038.0,1.0,2.0,,
147,03/06/2020,12:00,1093.0,,,,4,1039.0,1.0,2.0,,
148,04/06/2020,12:00,1099.0,,,,4,1042.0,1.0,2.0,,
149,05/06/2020,12:00,1102.0,,,,4,1045.0,1.0,2.0,,
150,06/06/2020,12:00,1105.0,,,,4,1048.0,1.0,2.0,,
151,07/06/2020,12:00,1106.0,,,,4,1049.0,1.0,2.0,,
152,08/06/2020,12:00,1107.0,,,,4,1049.0,1.0,3.0,,
153,09/06/2020,12:00,1107.0,,,,4,1050.0,1.0,3.0,,
154,10/06/2020,12:00,1107.0,,,,4,1051.0,1.0,4.0,,
155,11/06/2020,12:00,1107.0,,,,4,1055.0,1.0,4.0,,
156,12/06/2020,12:00,1108.0,,,,4,1060.0,1.0,3.0,,
157,13/06/2020,12:00,1109.0,,,,4,1061.0,1.0,3.0,,
158,14/06/2020,12:00,1109.0,,,,4,1067.0,1.0,3.0,,
159,15/06/2020,12:00,1112.0,,,,4,1067.0,1.0,3.0,,
160,16/06/2020,12:00,1112.0,,,,4,1069.0,1.0,3.0,,
161,17/06/2020,12:00,1120.0,,,,4,1071.0,1.0,3.0,,
162,18/06/2020,12:00,1124.0,,,,4,1072.0,1.0,3.0,,
163,19/06/2020,12:00,1127.0,,,,4,1074.0,1.0,3.0,,
164,20/06/2020,12:00,1128.0,,,,4,1077.0,1.0,3.0,,
165,21/06/2020,12:00,1131.0,,,,5,1078.0,1.0,2.0,,
166,22/06/2020,12:00,1161.0,,,,5,1078.0,1.0,2.0,,
167,23/06/2020,12:00,1177.0,,,,6,1083.0,1.0,1.0,,
168,24/06/2020,12:00,1179.0,,,,6,1086.0,1.0,1.0,,
169,25/06/2020,12:00,1193.0,,,,7,1088.0,1.0,1.0,,
170,26/06/2020,12:00,1196.0,,,,7,1091.0,1.0,1.0,,
171,27/06/2020,12:00,1197.0,,,,7,1095.0,1.0,1.0,,
172,28/06/2020,12:00,1199.0,,,,7,1104.0,1.0,1.0,,
173,29/06/2020,12:00,1203.0,,,,7,1105.0,1.0,1.0,,
174,30/06/2020,12:00,1205.0,,,,7,1107.0,1.0,1.0,,
175,01/07/2020,12:00,1233.0,,,,7,1117.0,1.0,1.0,,
176,02/07/2020,12:00,1242.0,,,,7,1120.0,1.0,1.0,,
177,03/07/2020,12:00,1247.0,,,,7,1125.0,1.0,1.0,,
178,04/07/2020,12:00,1258.0,,,,7,1145.0,1.0,1.0,,
179,05/07/2020,12:00,1268.0,,,,7,1156.0,1.0,1.0,,
180,06/07/2020,12:00,1285.0,,,,7,1157.0,1.0,1.0,,
181,07/07/2020,12:00,1299.0,,,,7,1161.0,1.0,1.0,,
182,08/07/2020,12:00,1323.0,,,,7,1167.0,1.0,1.0,,
183,09/07/2020,12:00,1365.0,,,,7,1176.0,1.0,2.0,,
184,10/07/2020,12:00,1403.0,,,,7,1187.0,1.0,2.0,,
185,11/07/2020,12:00,1431.0,,,,7,1197.0,1.0,2.0,,
186,12/07/2020,12:00,1469.0,,,,7,1214.0,1.0,4.0,,
187,13/07/2020,12:00,1521.0,,,,7,1217.0,1.0,5.0,,
188,14/07/2020,12:00,1569.0,,,,8,1229.0,1.0,6.0,,
189,15/07/2020,12:00,1588.0,,,,8,1241.0,1.0,7.0,,
190,16/07/2020,12:00,1655.0,,,,10,1254.0,1.0,6.0,,
191,17/07/2020,12:00,1713.0,,,,10,1264.0,1.0,8.0,,
192,18/07/2020,12:00,1777.0,,,,12,1274.0,1.0,13.0,,
193,19/07/2020,12:00,1885.0,,,,12,1294.0,1.0,19.0,,
194,20/07/2020,,1958.0,,,,12,1301.0,1.0,23.0,,
195,21/07/2020,,2018.0,,,,14,1324.0,1.0,29.0,,
196,22/07/2020,,2131.0,,,,14,1344.0,1.0,29.0,,
197,23/07/2020,,2249.0,,,,15,1379.0,1.0,33.0,,
198,24/07/2020,,2372.0,,,,16,1407.0,1.0,34.0,,
199,25/07/2020,,2505.0,,,,18,1455.0,1.0,37.0,,
200,26/07/2020,,2633.0,,,,18,1495.0,1.0,40.0,,
201,27/07/2020,,2778.0,,,,22,1486.0,1.0,38.0,,
202,28/07/2020,,2884.0,,,,22,1527.0,1.0,39.0,,
203,29/07/2020,,3002.0,,,,24,1591.0,1.0,38.0,,
204,30/07/2020,,3151.0,,,,24,1660.0,1.0,39.0,,
205,31/07/2020,,3272.0,,,,27,1751.0,1.0,43.0,,
206,01/08/2020,,3396.0,,,,31,1858.0,1.0,34.0,,
207,02/08/2020,,3511.0,,,,34,1959.0,1.0,34.0,,
208,03/08/2020,,3589.0,,,,37,2037.0,1.0,43.0,,
209,04/08/2020,,3669.0,,,,41,2141.0,1.0,43.0,,
210,05/08/2020,,3754.0,,,,43,2314.0,1.0,44.0,,
211,06/08/2020,,3849.0,,,,44,2458.0,1.0,39.0,,
212,07/08/2020,,3938.0,,,,46,2620.0,1.0,41.0,,
213,08/08/2020,,4007.0,,,,47,2755.0,1.0,45.0,,
214,09/08/2020,,4079.0,,,,51,2847.0,1.0,41.0,,
215,10/08/2020,,4148.0,,,,54,2917.0,1.0,36.0,,
216,11/08/2020,,4181.0,,,,58,3052.0,1.0,32.0,,
217,12/08/2020,,4243.0,,,,63,3189.0,1.0,30.0,,
218,13/08/2020,,4312.0,,,,65,3295.0,1.0,32.0,,
219,14/08/2020,,4360.0,,,,66,3392.0,1.0,30.0,,
220,15/08/2020,,4406.0,,,,68,3488.0,1.0,27.0,,
221,16/08/2020,,4480.0,,,,69,3549.0,1.0,27.0,,
222,17/08/2020,,4524.0,,,,69,3599.0,1.0,29.0,,
223,18/08/2020,,4560.0,,,,70,3677.0,1.0,31.0,,
224,19/08/2020,,4586.0,,,,72,3779.0,1.0,29.0,,
225,20/08/2020,,4604.0,,,,73,3827.0,1.0,31.0,,
226,21/08/2020,,4631.0,,,,75,3900.0,1.0,30.0,,
227,22/08/2020,,4657.0,,,,76,3974.0,1.0,29.0,,
228,23/08/2020,,4682.0,,,,77,4018.0,1.0,26.0,,
229,24/08/2020,,4691.0,,,,77,4052.0,1.0,27.0,,
230,25/08/2020,,4710.0,,,,77,4108.0,1.0,27.0,,
231,26/08/2020,,4734.0,,,,78,4161.0,1.0,27.0,,
232,27/08/2020,,4755.0,,,,79,4200.0,1.0,25.0,,
233,28/08/2020,,4768.0,,,,84,4249.0,1.0,25.0,,
234,29/08/2020,,4786.0,,,,86,4287.0,1.0,23.0,,
235,30/08/2020,,4801.0,,,,88,4320.0,1.0,23.0,,
236,31/08/2020,,4810.0,,,,89,4342.0,1.0,26.0,,
237,01/09/2020,,4822.0,,,,90,4380.0,1.0,25.0,,
238,02/09/2020,,4830.0,,,,93,4401.0,1.0,25.0,,
239,03/09/2020,,4838.0,,,,94,4431.0,1.0,25.0,,
240,04/09/2020,,4850.0,,,,94,4456.0,1.0,26.0,,
241,05/09/2020,,4857.0,,,,94,4493.0,1.0,23.0,,
242,06/09/2020,,4878.0,,,,95,4511.0,1.0,22.0,,
243,07/09/2020,,4889.0,,,,98,4524.0,1.0,20.0,,
244,08/09/2020,,4895.0,,,,99,4543.0,1.0,21.0,,
245,09/09/2020,,4901.0,,,,99,4557.0,1.0,21.0,,
246,10/09/2020,,4913.0,,,,99,4582.0,1.0,21.0,,
247,11/09/2020,,4925.0,,,,99,4597.0,1.0,21.0,,
248,12/09/2020,,4938.0,,,,100,4613.0,1.0,21.0,,
249,13/09/2020,,4957.0,,,,100,4630.0,1.0,21.0,,
250,14/09/2020,,4971.0,,,,101,4635.0,1.0,21.0,,
251,15/09/2020,,4975.0,,,,101,4646.0,1.0,18.0,,
252,16/09/2020,,4984.0,,,,102,4663.0,1.0,16.0,,
253,17/09/2020,,4993.0,,,,102,4682.0,1.0,14.0,,
254,18/09/2020,,4996.0,,,,103,4696.0,1.0,13.0,,
255,19/09/2020,,5009.0,,,,103,4708.0,1.0,13.0,,
256,20/09/2020,,5032.0,,,,103,4712.0,1.0,13.0,,
257,21/09/2020,,5038.0,,,,103,4717.0,1.0,13.0,,
258,22/09/2020,,5046.0,,,,103,4729.0,1.0,13.0,,
259,23/09/2020,,5049.0,,,,103,4749.0,1.0,12.0,,
260,24/09/2020,,5056.0,,,,104,4758.0,1.0,13.0,,
261,25/09/2020,,5058.0,,,,104,4765.0,1.0,12.0,,
262,26/09/2020,,5059.0,,,,105,4777.0,1.0,11.0,,
263,27/09/2020,,5065.0,,,,105,4786.0,1.0,11.0,,
264,28/09/2020,,5075.0,,,,105,4790.0,1.0,11.0,,
265,29/09/2020,,5079.0,,,,105,4807.0,1.0,11.0,,
266,30/09/2020,,5087.0,,,,105,4827.0,1.0,10.0,,
267,01/10/2020,,5097.0,,,,105,4837.0,1.0,10.0,,
268,02/10/2020,,5104.0,,,,105,4843.0,1.0,10.0,,
269,03/10/2020,,5108.0,,,,105,4849.0,1.0,10.0,,
270,04/10/2020,,5113.0,,,,105,4861.0,1.0,10.0,,
271,05/10/2020,,5124.0,,,,105,4864.0,1.0,11.0,,
272,06/10/2020,,5132.0,,,,105,4875.0,1.0,10.0,,
273,07/10/2020,,5143.0,,,,105,4885.0,1.0,10.0,,
274,08/10/2020,,5161.0,,,,105,4890.0,1.0,10.0,,
275,09/10/2020,,5169.0,,,,105,4906.0,1.0,9.0,,
276,10/10/2020,,5175.0,,,,105,4914.0,1.0,8.0,,
277,11/10/2020,,5182.0,,,,105,4919.0,1.0,8.0,,
278,12/10/2020,,5193.0,,,,105,4921.0,1.0,8.0,,
279,13/10/2020,,5201.0,,,,105,4931.0,1.0,10.0,,
280,14/10/2020,,5201.0,,,,105,4932.0,1.0,11.0,,
281,15/10/2020,,5213.0,,,,105,4943.0,1.0,12.0,,
282,16/10/2020,,5220.0,,,,105,4951.0,1.0,12.0,,
283,17/10/2020,,5237.0,,,,105,4963.0,1.0,12.0,,
284,18/10/2020,,5241.0,,,,105,4973.0,1.0,12.0,,
285,19/10/2020,,5256.0,,,,105,4982.0,1.0,12.0,,
286,20/10/2020,,5261.0,,,,105,4996.0,1.0,12.0,,
287,21/10/2020,,5269.0,,,,105,5004.0,1.0,13.0,,
288,22/10/2020,,5280.0,,,,105,5019.0,1.0,13.0,,
289,23/10/2020,,5284.0,,,,105,5029.0,1.0,13.0,,
290,24/10/2020,,5289.0,,,,105,5041.0,1.0,12.0,,
291,25/10/2020,,5295.0,,,,105,5047.0,1.0,12.0,,
292,26/10/2020,,5303.0,,,,105,5050.0,1.0,12.0,,
293,27/10/2020,,5308.0,,,,105,5053.0,1.0,11.0,,
294,28/10/2020,,5310.0,,,,105,5063.0,1.0,10.0,,
295,29/10/2020,,5313.0,,,,105,5073.0,1.0,9.0,,
296,30/10/2020,,5320.0,,,,105,5082.0,1.0,9.0,,
297,31/10/2020,,5323.0,,,,105,5089.0,1.0,9.0,,
298,01/11/2020,,5330.0,,,,105,5096.0,1.0,9.0,,
299,02/11/2020,,5336.0,,,,105,5102.0,1.0,9.0,,
300,03/11/2020,,5345.0,,,,105,5109.0,1.0,9.0,,
301,04/11/2020,,5348.0,,,,106,5118.0,1.0,8.0,,
302,05/11/2020,,5355.0,,,,106,5126.0,1.0,8.0,,
303,06/11/2020,,5361.0,,,,107,5131.0,1.0,8.0,,
304,07/11/2020,,5364.0,,,,107,5139.0,1.0,7.0,,
305,08/11/2020,,5374.0,,,,107,5144.0,1.0,7.0,,
306,09/11/2020,,5380.0,,,,107,5146.0,1.0,7.0,,
307,10/11/2020,,5389.0,,,,108,5153.0,1.0,6.0,,
308,11/11/2020,,5407.0,,,,108,5159.0,1.0,6.0,,
309,12/11/2020,,5430.0,,,,108,5170.0,1.0,6.0,,
310,13/11/2020,,5436.0,,,,108,5177.0,1.0,6.0,,
311,14/11/2020,,5444.0,,,,108,5187.0,1.0,6.0,,
312,15/11/2020,,5458.0,,,,108,5194.0,1.0,7.0,,
313,16/11/2020,,5466.0,,,,108,5198.0,1.0,7.0,,
314,17/11/2020,,5470.0,,,,108,5212.0,1.0,7.0,,
315,18/11/2020,,5479.0,,,,108,5224.0,1.0,8.0,,
316,19/11/2020,,5491.0,,,,108,5233.0,1.0,8.0,,
317,20/11/2020,,5517.0,,,,108,5239.0,1.0,8.0,,
318,21/11/2020,,5560.0,,,,108,5248.0,1.0,8.0,,
319,22/11/2020,,5628.0,,,,108,5259.0,1.0,8.0,,
320,23/11/2020,,5701.0,,,,108,5267.0,1.0,8.0,,
321,24/11/2020,,5781.0,,,,108,5274.0,1.0,7.0,,
322,25/11/2020,,5866.0,,,,108,5295.0,1.0,7.0,,
323,26/11/2020,,5947.0,,,,108,5300.0,1.0,7.0,,
324,27/11/2020,,6039.0,,,,108,5313.0,1.0,6.0,,
325,28/11/2020,,6123.0,,,,109,5328.0,1.0,7.0,,
326,29/11/2020,,6238.0,,,,109,5340.0,1.0,11.0,,
327,30/11/2020,,6314.0,,,,109,5344.0,1.0,11.0,,
328,01/12/2020,,6396.0,,,,109,5361.0,1.0,14.0,,
329,02/12/2020,,6499.0,,,,110,5394.0,1.0,17.0,,
330,03/12/2020,,6589.0,,,,110,5423.0,1.0,21.0,,
331,04/12/2020,,6701.0,,,,112,5465.0,1.0,23.0,,
332,05/12/2020,,6802.0,,,,112,5511.0,1.0,29.0,,
333,06/12/2020,,6897.0,,,,112,5567.0,1.0,31.0,,
334,07/12/2020,,6975.0,,,,112,5626.0,1.0,36.0,,
335,08/12/2020,,7075.0,,,,112,5696.0,1.0,38.0,,
336,09/12/2020,,7179.0,,,,114,5783.0,1.0,39.0,,
337,10/12/2020,,7291.0,,,,114,5900.0,1.0,43.0,,
338,11/12/2020,,7377.0,,,,114,5996.0,1.0,44.0,,
339,12/12/2020,,7446.0,,,,115,6114.0,1.0,49.0,,
340,13/12/2020,,7541.0,,,,117,6202.0,1.0,46.0,,
341,14/12/2020,,7623.0,,,,120,6266.0,1.0,46.0,,
342,15/12/2020,,7721.0,,,,122,6345.0,1.0,50.0,,
343,16/12/2020,,7803.0,,,,123,6439.0,1.0,59.0,,
344,17/12/2020,,7899.0,,,,125,6534.0,1.0,58.0,,
345,18/12/2020,,7969.0,,,,129,6628.0,1.0,61.0,,
346,19/12/2020,,8078.0,,,,129,6737.0,1.0,61.0,,
347,20/12/2020,,8152.0,,,,129,6837.0,1.0,64.0,,
348,21/12/2020,,8237.0,,,,131,6910.0,1.0,63.0,,
349,22/12/2020,,8300.0,,,,132,6995.0,1.0,67.0,,
350,23/12/2020,,8353.0,,,,133,7112.0,1.0,65.0,,
351,24/12/2020,,8424.0,,,,135,7203.0,1.0,61.0,,
352,25/12/2020,,8481.0,,,,136,7317.0,1.0,54.0,,
353,26/12/2020,,8540.0,,,,136,7394.0,1.0,55.0,,
354,27/12/2020,,8610.0,,,,136,7474.0,1.0,55.0,,
355,28/12/2020,,8671.0,,,,139,7526.0,1.0,51.0,,
356,29/12/2020,,8724.0,,,,143,7616.0,1.0,47.0,,
357,30/12/2020,,8778.0,,,,146,7722.0,1.0,50.0,,
358,31/12/2020,,8846.0,,,,148,7813.0,1.0,51.0,,
359,01/01/2021,,8888.0,,,,149,7912.0,1.0,51.0,,
360,02/01/2021,,8923.0,,,,150,7968.0,1.0,49.0,,
361,03/01/2021,,8964.0,,,,150,8011.0,1.0,49.0,,
362,04/01/2021,,9017.0,,,,151,8055.0,1.0,50.0,,
363,05/01/2021,,9049.0,,,,153,8127.0,1.0,48.0,,
364,06/01/2021,,9074.0,,,,154,8201.0,1.0,43.0,,
365,07/01/2021,,9107.0,,,,154,8258.0,1.0,41.0,,
366,08/01/2021,,9152.0,,,,155,8307.0,1.0,42.0,,
367,09/01/2021,,9211.0,,,,157,8374.0,1.0,39.0,,
368,10/01/2021,,9242.0,,,,158,8423.0,1.0,39.0,,
369,11/01/2021,,9283.0,,,,158,8468.0,1.0,39.0,,
370,12/01/2021,,9343.0,,,,159,8524.0,1.0,40.0,,
371,13/01/2021,,9385.0,,,,161,8584.0,1.0,41.0,,
372,14/01/2021,,9414.0,,,,161,8631.0,1.0,42.0,,
373,15/01/2021,,9452.0,,,,161,8684.0,1.0,41.0,,
374,16/01/2021,,9502.0,,,,162,8724.0,1.0,42.0,,
375,17/01/2021,,9557.0,,,,162,8758.0,1.0,42.0,,
376,18/01/2021,,9664.0,,,,163,8786.0,1.0,41.0,,
377,19/01/2021,,9720.0,,,,164,8828.0,1.0,39.0,,
378,20/01/2021,,9797.0,,,,166,8865.0,1.0,39.0,,
379,21/01/2021,,9867.0,,,,167,8904.0,1.0,37.0,,
380,22/01/2021,,9928.0,,,,167,8949.0,1.0,34.0,,
381,23/01/2021,,10009.0,,,,168,8998.0,1.0,38.0,,
382,24/01/2021,,10085.0,,,,169,9034.0,1.0,35.0,,
383,25/01/2021,,10158.0,,,,171,9056.0,1.0,35.0,,
384,26/01/2021,,10222.0,,,,173,9101.0,1.0,34.0,,
385,27/01/2021,,10282.0,,,,174,9162.0,1.0,32.0,,
386,28/01/2021,,10321.0,,,,177,9239.0,1.0,32.0,,
387,29/01/2021,,10371.0,,,,178,9302.0,1.0,30.0,,
388,30/01/2021,,10399.0,,,,178,9362.0,1.0,28.0,,
389,31/01/2021,,10452.0,,,,181,9423.0,1.0,28.0,,
390,01/02/2021,,10486.0,,,,182,9474.0,1.0,28.0,,
391,02/02/2021,,10511.0,,,,183,9549.0,1.0,30.0,,
392,03/02/2021,,10530.0,,,,185,9633.0,1.0,28.0,,
393,04/02/2021,,10552.0,,,,186,9684.0,1.0,26.0,,
394,05/02/2021,,10589.0,,,,186,9750.0,1.0,24.0,,
395,06/02/2021,,10608.0,,,,186,9828.0,1.0,24.0,,
396,07/02/2021,,10635.0,,,,186,9887.0,1.0,23.0,,
397,08/02/2021,,10667.0,,,,186,9918.0,1.0,24.0,,
398,09/02/2021,,10693.0,,,,187,9976.0,1.0,24.0,,
399,10/02/2021,,10710.0,,,,188,10022.0,1.0,22.0,,
400,11/02/2021,,10731.0,,,,191,10077.0,1.0,21.0,,
401,12/02/2021,,10755.0,,,,192,10136.0,1.0,22.0,,
402,13/02/2021,,10767.0,,,,193,10160.0,1.0,21.0,,
403,14/02/2021,,10779.0,,,,193,10185.0,1.0,21.0,,
404,15/02/2021,,10788.0,,,,193,10207.0,1.0,21.0,,
405,16/02/2021,,10796.0,,,,194,10232.0,1.0,22.0,,
406,17/02/2021,,10812.0,,,,195,10270.0,1.0,19.0,,
407,18/02/2021,,10820.0,,,,197,10298.0,1.0,18.0,,
408,19/02/2021,,10833.0,,,,197,10329.0,1.0,18.0,,
409,20/02/2021,,10848.0,,,,197,10362.0,1.0,18.0,,
410,21/02/2021,,10868.0,,,,197,10389.0,1.0,18.0,,
411,22/02/2021,,10884.0,,,,197,10404.0,1.0,18.0,,
412,23/02/2021,,10896.0,,,,197,10427.0,1.0,17.0,,
413,24/02/2021,,10913.0,,,,197,10461.0,1.0,17.0,,
414,25/02/2021,,10926.0,,,,198,10474.0,1.0,18.0,,
415,26/02/2021,,10951.0,,,,198,10493.0,1.0,18.0,,
416,27/02/2021,,10983.0,,,,198,10519.0,1.0,17.0,,
417,28/02/2021,,11005.0,,,,199,10536.0,1.0,17.0,,
418,01/03/2021,,11019.0,,,,200,10547.0,1.0,16.0,,
419,02/03/2021,,11032.0,,,,200,10563.0,1.0,14.0,,
420,03/03/2021,,11046.0,,,,200,10578.0,1.0,13.0,,
421,04/03/2021,,11055.0,,,,201,10593.0,1.0,13.0,,
422,05/03/2021,,11066.0,,,,201,10604.0,1.0,13.0,,
423,06/03/2021,,11074.0,,,,202,10622.0,1.0,12.0,,
424,07/03/2021,,11090.0,,,,202,10629.0,1.0,13.0,,
425,08/03/2021,,11099.0,,,,202,10636.0,1.0,13.0,,
426,09/03/2021,,11120.0,,,,202,10662.0,1.0,14.0,,
427,10/03/2021,,11128.0,,,,202,10675.0,1.0,14.0,,
428,11/03/2021,,11150.0,,,,203,10695.0,1.0,13.0,,
429,12/03/2021,,11210.0,,,,203,10711.0,1.0,13.0,,
430,13/03/2021,,11257.0,,,,203,10739.0,1.0,13.0,,
431,14/03/2021,,11281.0,,,,203,10755.0,1.0,13.0,,
432,15/03/2021,,11311.0,,,,203,10769.0,1.0,13.0,,
433,16/03/2021,,11329.0,,,,203,10786.0,1.0,10.0,,
434,17/03/2021,,11340.0,,,,203,10809.0,1.0,10.0,,
435,18/03/2021,,11350.0,,,,203,10824.0,1.0,10.0,,
436,19/03/2021,,11363.0,,,,203,10837.0,1.0,10.0,,
437,20/03/2021,,11371.0,,,,203,10863.0,1.0,10.0,,
438,21/03/2021,,11379.0,,,,203,10875.0,1.0,10.0,,
439,22/03/2021,,11397.0,,,,203,10901.0,1.0,10.0,,
440,23/03/2021,,11409.0,,,,203,10936.0,1.0,10.0,,
441,24/03/2021,,11419.0,,,,204,10963.0,1.0,10.0,,
442,25/03/2021,,11428.0,,,,204,10994.0,1.0,10.0,,
443,26/03/2021,,11439.0,,,,205,11023.0,1.0,10.0,,
444,27/03/2021,,11445.0,,,,205,11040.0,1.0,10.0,,
445,28/03/2021,,11446.0,,,,205,11056.0,1.0,10.0,,
446,29/03/2021,,11454.0,,,,205,11075.0,1.0,10.0,,
447,30/03/2021,,11461.0,,,,205,11085.0,1.0,9.0,,
448,31/03/2021,,11467.0,,,,205,11095.0,1.0,9.0,,
449,01/04/2021,,11480.0,,,,205,11108.0,1.0,9.0,,
450,02/04/2021,,11499.0,,,,205,11122.0,1.0,9.0,,
451,03/04/2021,,11501.0,,,,205,11133.0,1.0,9.0,,
452,04/04/2021,,11508.0,,,,205,11139.0,1.0,9.0,,
453,05/04/2021,,11524.0,,,,205,11145.0,1.0,6.0,,
454,06/04/2021,,11531.0,,,,205,11155.0,1.0,6.0,,
455,07/04/2021,,11539.0,,,,205,11163.0,1.0,9.0,,
456,08/04/2021,,11549.0,,,,205,11174.0,1.0,8.0,,
457,09/04/2021,,11563.0,,,,206,11186.0,1.0,7.0,,
458,10/04/2021,,11568.0,,,,207,11193.0,1.0,7.0,,
459,11/04/2021,,11581.0,,,,207,11206.0,1.0,7.0,,
460,12/04/2021,,11594.0,,,,207,11214.0,1.0,7.0,,
461,13/04/2021,,11607.0,,,,207,11227.0,1.0,7.0,,
462,14/04/2021,,11612.0,,,,209,11237.0,1.0,6.0,,
463,15/04/2021,,11618.0,,,,209,11246.0,1.0,6.0,,
464,16/04/2021,,11635.0,,,,209,11253.0,1.0,6.0,,
465,17/04/2021,,11653.0,,,,209,11258.0,1.0,4.0,,
466,18/04/2021,,11683.0,,,,209,11270.0,1.0,4.0,,
467,19/04/2021,,11695.0,,,,209,11274.0,1.0,4.0,,
468,20/04/2021,,11703.0,,,,209,11287.0,1.0,3.0,,
469,21/04/2021,,11704.0,,,,209,11302.0,1.0,3.0,,
470,22/04/2021,,11718.0,,,,209,11316.0,1.0,3.0,,
471,23/04/2021,,11727.0,,,,209,11325.0,1.0,3.0,,
472,24/04/2021,,11730.0,,,,209,11340.0,1.0,3.0,,
473,25/04/2021,,11736.0,,,,209,11354.0,1.0,3.0,,
474,26/04/2021,,11740.0,,,,209,11363.0,1.0,3.0,,
475,27/04/2021,,11748.0,,,,209,11379.0,1.0,3.0,,
476,28/04/2021,,11755.0,,,,209,11392.0,1.0,3.0,,
477,29/04/2021,,11770.0,,,,209,11404.0,1.0,3.0,,
478,30/04/2021,,11774.0,,,,209,11416.0,1.0,3.0,,
479,01/05/2021,,11782.0,,,,210,11432.0,1.0,3.0,,
480,02/05/2021,,11784.0,,,,210,11445.0,1.0,3.0,,
481,03/05/2021,,11786.0,,,,210,11447.0,1.0,3.0,,
482,04/05/2021,,11790.0,,,,210,11451.0,1.0,3.0,,
483,05/05/2021,,11796.0,,,,210,11462.0,1.0,3.0,,
484,06/05/2021,,11798.0,,,,210,11468.0,1.0,3.0,,
485,07/05/2021,,11801.0,,,,210,11473.0,1.0,3.0,,
486,08/05/2021,,11806.0,,,,210,11486.0,1.0,3.0,,
487,09/05/2021,,11807.0,,,,210,11493.0,1.0,3.0,,
488,10/05/2021,,11811.0,,,,210,11496.0,1.0,2.0,,
489,11/05/2021,,11812.0,,,,210,11503.0,1.0,2.0,,
490,12/05/2021,,11814.0,,,,210,11505.0,1.0,2.0,,
491,13/05/2021,,11817.0,,,,210,11511.0,1.0,2.0,,
492,14/05/2021,,11818.0,,,,210,11516.0,1.0,2.0,,
493,15/05/2021,,11821.0,,,,210,11522.0,1.0,2.0,,
494,16/05/2021,,11824.0,,,,210,11525.0,1.0,2.0,,
495,17/05/2021,,11825.0,,,,210,11531.0,1.0,2.0,,
496,18/05/2021,,11826.0,,,,210,11535.0,1.0,2.0,,
497,19/05/2021,,11827.0,,,,210,11539.0,1.0,2.0,,
498,20/05/2021,,11828.0,,,,210,11542.0,1.0,2.0,,
499,21/05/2021,,11829.0,,,,210,11547.0,1.0,2.0,,
500,22/05/2021,,11830.0,,,,210,11550.0,1.0,2.0,,
501,23/05/2021,,11832.0,,,,210,11553.0,1.0,2.0,,
502,24/05/2021,,11833.0,,,,210,11556.0,1.0,1.0,,
503,25/05/2021,,11835.0,,,,210,11560.0,1.0,1.0,,
504,26/05/2021,,11836.0,,,,210,11561.0,1.0,1.0,,
505,27/05/2021,,11836.0,,,,210,11565.0,1.0,1.0,,
506,28/05/2021,,11836.0,,,,210,11570.0,1.0,1.0,,
507,29/05/2021,,11837.0,,,,210,11571.0,1.0,1.0,,
508,30/05/2021,,11837.0,,,,210,11572.0,1.0,1.0,,
509,31/05/2021,,11841.0,,,,210,11572.0,1.0,1.0,,
510,01/06/2021,,11848.0,,,,210,11574.0,1.0,1.0,,
511,02/06/2021,,11848.0,,,,210,11576.0,1.0,1.0,,
512,03/06/2021,,11849.0,,,,210,11577.0,1.0,1.0,,
513,04/06/2021,,11850.0,,,,210,11579.0,1.0,1.0,,
514,05/06/2021,,11851.0,,,,210,11584.0,1.0,1.0,,
515,06/06/2021,,11858.0,,,,210,11584.0,1.0,1.0,,
516,07/06/2021,,11865.0,,,,210,11584.0,1.0,1.0,,
517,08/06/2021,,11868.0,,,,210,11584.0,1.0,1.0,,
518,09/06/2021,,11872.0,,,,210,11587.0,1.0,1.0,,
519,10/06/2021,,11874.0,,,,210,11590.0,1.0,1.0,,
520,11/06/2021,,11874.0,,,,210,11593.0,1.0,1.0,,
521,12/06/2021,,11877.0,,,,210,11595.0,1.0,1.0,,
522,13/06/2021,,11877.0,,,,210,11598.0,1.0,1.0,,
523,14/06/2021,,11878.0,,,,210,11600.0,1.0,1.0,,
524,15/06/2021,,11880.0,,,,210,11600.0,1.0,1.0,,
525,16/06/2021,,11881.0,,,,210,11601.0,1.0,1.0,,
526,17/06/2021,,11881.0,,,,210,11603.0,1.0,1.0,,
527,18/06/2021,,11884.0,,,,210,11608.0,1.0,1.0,,
528,19/06/2021,,11885.0,,,,210,11612.0,1.0,1.0,,
529,20/06/2021,,11886.0,,,,210,11614.0,1.0,1.0,,
530,21/06/2021,,11889.0,,,,210,11616.0,1.0,1.0,,
531,22/06/2021,,11896.0,,,,210,11618.0,1.0,1.0,,
532,23/06/2021,,11898.0,,,,210,11619.0,1.0,1.0,,
533,24/06/2021,,11905.0,,,,210,11621.0,1.0,1.0,,
534,25/06/2021,,11909.0,,,,211,11621.0,1.0,1.0,,
535,26/06/2021,,11911.0,,,,211,11624.0,1.0,1.0,,
536,27/06/2021,,11917.0,,,,211,11625.0,1.0,1.0,,
537,28/06/2021,,11920.0,,,,211,11626.0,1.0,1.0,,
538,29/06/2021,,11921.0,,,,211,11628.0,1.0,1.0,,
539,30/06/2021,,11923.0,,,,211,11630.0,1.0,1.0,,
540,01/07/2021,,11927.0,,,,211,11631.0,1.0,1.0,,
541,02/07/2021,,11938.0,,,,211,11633.0,1.0,1.0,,
542,03/07/2021,,11939.0,,,,211,11634.0,1.0,1.0,,
543,04/07/2021,,11942.0,,,,211,11637.0,1.0,1.0,,
544,05/07/2021,,11943.0,,,,212,11638.0,1.0,0.0,,
545,06/07/2021,,11944.0,,,,212,11642.0,1.0,0.0,,
546,07/07/2021,,11945.0,,,,212,11643.0,1.0,0.0,,
547,08/07/2021,,11948.0,,,,212,11648.0,1.0,0.0,,
548,09/07/2021,,11949.0,,,,212,11648.0,1.0,0.0,,
549,10/07/2021,,11950.0,,,,212,11652.0,1.0,0.0,,
550,11/07/2021,,11951.0,,,,212,11655.0,1.0,0.0,,
551,12/07/2021,,11951.0,,,,212,11662.0,1.0,0.0,,
552,13/07/2021,,11952.0,,,,212,11665.0,1.0,0.0,,
553,14/07/2021,,11955.0,,,,212,11669.0,1.0,0.0,,
554,15/07/2021,,11955.0,,,,212,11675.0,1.0,0.0,,
555,16/07/2021,,11956.0,,,,212,11677.0,1.0,0.0,,
556,17/07/2021,,11956.0,,,,212,11682.0,1.0,0.0,,
557,18/07/2021,,11958.0,,,,212,11682.0,1.0,0.0,,
558,19/07/2021,,11958.0,,,,212,11686.0,1.0,0.0,,
559,20/07/2021,,11965.0,,,,212,11688.0,1.0,0.0,,
560,21/07/2021,,11970.0,,,,212,11688.0,1.0,0.0,,
561,22/07/2021,,11971.0,,,,212,11690.0,1.0,0.0,,
562,23/07/2021,,11973.0,,,,212,11693.0,1.0,0.0,,
563,24/07/2021,,11975.0,,,,212,11696.0,1.0,1.0,,
564,25/07/2021,,11978.0,,,,212,11698.0,1.0,1.0,,
565,26/07/2021,,11978.0,,,,212,11701.0,1.0,1.0,,
566,27/07/2021,,11979.0,,,,212,11705.0,1.0,1.0,,
567,28/07/2021,,11980.0,,,,212,11707.0,1.0,0.0,,
568,29/07/2021,,11982.0,,,,212,11709.0,1.0,0.0,,
569,30/07/2021,,11984.0,,,,212,11712.0,1.0,0.0,,
570,31/07/2021,,11984.0,,,,212,11713.0,1.0,0.0,,
571,01/08/2021,,11987.0,,,,212,11715.0,1.0,0.0,,
572,02/08/2021,,11990.0,,,,212,11715.0,1.0,0.0,,
573,03/08/2021,,11994.0,,,,212,11719.0,1.0,0.0,,
574,04/08/2021,,11996.0,,,,212,11721.0,1.0,0.0,,
575,05/08/2021,,12002.0,,,,212,11721.0,1.0,0.0,,
576,06/08/2021,,12004.0,,,,212,11724.0,1.0,0.0,,
577,07/08/2021,,12011.0,,,,212,11725.0,1.0,0.0,,
578,08/08/2021,,12013.0,,,,212,11725.0,1.0,0.0,,
579,09/08/2021,,12015.0,,,,212,11725.0,1.0,0.0,,
580,10/08/2021,,12019.0,,,,212,11728.0,1.0,0.0,,
581,11/08/2021,,12020.0,,,,212,11731.0,1.0,0.0,,
582,12/08/2021,,12025.0,,,,212,11733.0,1.0,0.0,,
583,13/08/2021,,12030.0,,,,212,11736.0,1.0,0.0,,
584,14/08/2021,,12032.0,,,,212,11740.0,1.0,0.0,,
585,15/08/2021,,12033.0,,,,212,11748.0,1.0,0.0,,
586,16/08/2021,,12036.0,,,,212,11750.0,1.0,0.0,,
587,17/08/2021,,12039.0,,,,212,11753.0,1.0,0.0,,
588,18/08/2021,,12042.0,,,,212,11755.0,1.0,0.0,,
589,19/08/2021,,12047.0,,,,212,11759.0,1.0,0.0,,
590,20/08/2021,,12049.0,,,,212,11761.0,1.0,0.0,,
591,21/08/2021,,12052.0,,,,212,11762.0,1.0,0.0,,
592,22/08/2021,,12057.0,,,,212,11766.0,1.0,0.0,,
593,23/08/2021,,12062.0,,,,212,11766.0,1.0,0.0,,
594,24/08/2021,,12069.0,,,,212,11768.0,1.0,0.0,,
595,25/08/2021,,12074.0,,,,212,11772.0,1.0,0.0,,
596,26/08/2021,,12077.0,,,,212,11777.0,1.0,0.0,,
597,27/08/2021,,12094.0,,,,212,11779.0,1.0,0.0,,
598,28/08/2021,,12100.0,,,,212,11782.0,1.0,0.0,,
599,29/08/2021,,12107.0,,,,212,11783.0,1.0,0.0,,
600,30/08/2021,,12110.0,,,,212,11786.0,1.0,0.0,,
601,31/08/2021,,12112.0,,,,212,11791.0,1.0,0.0,,
602,01/09/2021,,12113.0,,,,212,11798.0,1.0,0.0,,
603,02/09/2021,,12113.0,,,,212,11799.0,1.0,0.0,,
604,03/09/2021,,12112.0,,,,212,11798.0,1.0,0.0,,
605,04/09/2021,,12113.0,,,,212,11802.0,1.0,0.0,,
606,05/09/2021,,12121.0,,,,212,11814.0,1.0,0.0,,
607,06/09/2021,,12123.0,,,,212,11821.0,1.0,0.0,,
608,07/09/2021,,12129.0,,,,212,11825.0,1.0,0.0,,
609,08/09/2021,,12131.0,,,,212,11831.0,1.0,0.0,,
610,09/09/2021,,12133.0,,,,212,11834.0,1.0,0.0,,
611,10/09/2021,,12138.0,,,,212,11838.0,1.0,0.0,,
612,11/09/2021,,12142.0,,,,212,11841.0,1.0,0.0,,
613,12/09/2021,,12145.0,,,,212,11846.0,1.0,0.0,,
614,13/09/2021,,12146.0,,,,213,11850.0,1.0,0.0,,
615,14/09/2021,,12148.0,,,,213,11854.0,1.0,0.0,,
616,15/09/2021,,12149.0,,,,213,11858.0,1.0,0.0,,
617,16/09/2021,,12149.0,,,,213,11862.0,1.0,0.0,,
618,17/09/2021,,12152.0,,,,213,11867.0,1.0,0.0,,
619,18/09/2021,,12157.0,,,,213,11869.0,1.0,0.0,,
620,19/09/2021,,12160.0,,,,213,11872.0,1.0,0.0,,
621,20/09/2021,,12165.0,,,,213,11874.0,1.0,0.0,,
622,21/09/2021,,12166.0,,,,213,11878.0,1.0,0.0,,
623,22/09/2021,,12167.0,,,,213,11878.0,1.0,0.0,,
624,23/09/2021,,12169.0,,,,213,11887.0,1.0,0.0,,
625,24/09/2021,,12176.0,,,,213,11888.0,1.0,0.0,,
626,25/09/2021,,12185.0,,,,213,11891.0,1.0,0.0,,
627,26/09/2021,,12193.0,,,,213,11892.0,1.0,0.0,,
628,27/09/2021,,12196.0,,,,213,11897.0,1.0,0.0,,
629,28/09/2021,,12209.0,,,,213,11901.0,1.0,0.0,,
630,29/09/2021,,12214.0,,,,213,11905.0,1.0,0.0,,
631,30/09/2021,,12217.0,,,,213,11905.0,1.0,0.0,,
632,01/10/2021,,12221.0,,,,213,11906.0,1.0,0.0,,
633,02/10/2021,,12226.0,,,,213,11909.0,1.0,0.0,,
634,03/10/2021,,12226.0,,,,213,11920.0,1.0,0.0,,
635,04/10/2021,,12230.0,,,,213,11926.0,1.0,0.0,,
636,05/10/2021,,12237.0,,,,213,11931.0,1.0,0.0,,
637,06/10/2021,,12243.0,,,,213,11935.0,1.0,0.0,,
638,07/10/2021,,12251.0,,,,213,11942.0,1.0,0.0,,
639,08/10/2021,,12253.0,,,,213,11945.0,1.0,0.0,,
640,09/10/2021,,12230.0,,,,213,11926.0,1.0,0.0,,
641,10/10/2021,,12261.0,,,,213,11947.0,1.0,0.0,,
642,11/10/2021,,12268.0,,,,213,11953.0,1.0,0.0,,
643,12/10/2021,,12272.0,,,,213,11956.0,1.0,0.0,,
644,13/10/2021,,12275.0,,,,213,11962.0,1.0,0.0,,
645,14/10/2021,,12276.0,,,,213,11971.0,1.0,0.0,,
646,15/10/2021,,12285.0,,,,213,11980.0,1.0,0.0,,
647,16/10/2021,,12291.0,,,,213,11988.0,1.0,0.0,,
648,17/10/2021,,12294.0,,,,213,11992.0,1.0,0.0,,
649,18/10/2021,,12299.0,,,,213,11994.0,1.0,0.0,,
650,19/10/2021,,12301.0,,,,213,11998.0,1.0,0.0,,
651,20/10/2021,,12305.0,,,,213,12003.0,1.0,0.0,,
652,21/10/2021,,12311.0,,,,213,12006.0,1.0,0.0,,
653,22/10/2021,,12313.0,,,,213,12012.0,1.0,0.0,,
654,23/10/2021,,12319.0,,,,213,12016.0,1.0,0.0,,
655,24/10/2021,,12323.0,,,,213,12019.0,1.0,0.0,,
656,25/10/2021,,12327.0,,,,213,12023.0,1.0,0.0,,
657,26/10/2021,,12330.0,,,,213,12029.0,1.0,0.0,,
658,27/10/2021,,12335.0,,,,213,12033.0,1.0,0.0,,
659,28/10/2021,,12337.0,,,,213,12033.0,1.0,0.0,,
660,29/10/2021,,12342.0,,,,213,12033.0,1.0,0.0,,
661,30/10/2021,,12345.0,,,,213,12034.0,1.0,0.0,,
662,31/10/2021,,12346.0,,,,213,12034.0,1.0,0.0,,
663,01/11/2021,,12347.0,,,,213,12034.0,1.0,0.0,,
664,02/11/2021,,12349.0,,,,213,12034.0,1.0,0.0,,
665,03/11/2021,,12352.0,,,,213,12034.0,1.0,0.0,,
666,04/11/2021,,12359.0,,,,213,12035.0,1.0,0.0,,
667,05/11/2021,,12360.0,,,,213,12035.0,1.0,0.0,,
668,06/11/2021,,12367.0,,,,213,12036.0,1.0,0.0,,
669,07/11/2021,,12368.0,,,,213,12036.0,1.0,0.0,,
670,08/11/2021,,12368.0,,,,213,12036.0,1.0,0.0,,
671,09/11/2021,,12369.0,,,,213,12036.0,1.0,0.0,,
672,10/11/2021,,12374.0,,,,213,12036.0,1.0,0.0,,
673,11/11/2021,,12377.0,,,,213,12037.0,1.0,0.0,,
674,12/11/2021,,12378.0,,,,213,12072.0,1.0,0.0,,
675,13/11/2021,,12380.0,,,,213,12087.0,1.0,0.0,,
676,14/11/2021,,12381.0,,,,213,12090.0,1.0,0.0,,
677,15/11/2021,,12387.0,,,,213,12092.0,1.0,0.0,,
678,16/11/2021,,12388.0,,,,213,12099.0,1.0,0.0,,
679,17/11/2021,,12391.0,,,,213,12099.0,1.0,0.0,,
680,18/11/2021,,12395.0,,,,213,12104.0,1.0,0.0,,
681,19/11/2021,,12396.0,,,,213,12106.0,1.0,0.0,,
682,20/11/2021,,12399.0,,,,213,12108.0,1.0,0.0,,
683,21/11/2021,,12401.0,,,,213,12115.0,1.0,0.0,,
684,22/11/2021,,12404.0,,,,213,12119.0,1.0,0.0,,
685,23/11/2021,,12410.0,,,,213,12121.0,1.0,0.0,,
686,24/11/2021,,12411.0,,,,213,12123.0,1.0,0.0,,
687,25/11/2021,,12417.0,,,,213,12125.0,1.0,0.0,,
688,26/11/2021,,12421.0,,,,213,12128.0,1.0,0.0,,
689,27/11/2021,,12424.0,,,,213,12130.0,1.0,0.0,,
690,28/11/2021,,12427.0,,,,213,12133.0,1.0,0.0,,
691,29/11/2021,,12430.0,,,,213,12134.0,1.0,0.0,,
692,30/11/2021,,12436.0,,,,213,12136.0,1.0,0.0,,
693,01/12/2021,,12439.0,,,,213,12140.0,1.0,0.0,,
694,02/12/2021,,12445.0,,,,213,12143.0,1.0,0.0,,
695,03/12/2021,,12448.0,,,,213,12145.0,1.0,0.0,,
696,04/12/2021,,12452.0,,,,213,12148.0,1.0,0.0,,
697,05/12/2021,,12461.0,,,,213,12149.0,1.0,1.0,,
698,06/12/2021,,12466.0,,,,213,12151.0,1.0,1.0,,
699,07/12/2021,,12471.0,,,,213,12153.0,1.0,0.0,,
700,08/12/2021,,12471.0,,,,213,12155.0,1.0,0.0,,
701,09/12/2021,,12478.0,,,,213,12156.0,1.0,0.0,,
702,10/12/2021,,12482.0,,,,213,12159.0,1.0,0.0,,
703,11/12/2021,,12483.0,,,,213,12165.0,1.0,0.0,,
704,12/12/2021,,12488.0,,,,213,12168.0,1.0,0.0,,
705,13/12/2021,,12490.0,,,,213,12173.0,1.0,0.0,,
706,14/12/2021,,12495.0,,,,213,12180.0,1.0,0.0,,
707,15/12/2021,,12496.0,,,,213,12180.0,1.0,0.0,,
708,16/12/2021,,12506.0,,,,213,12180.0,1.0,0.0,,
709,17/12/2021,,12513.0,,,,213,12180.0,1.0,0.0,,
710,18/12/2021,,12518.0,,,,213,12182.0,1.0,0.0,,
711,19/12/2021,,12526.0,,,,213,12184.0,1.0,0.0,,
712,20/12/2021,,12533.0,,,,213,12184.0,1.0,0.0,,
713,21/12/2021,,12541.0,,,,213,12184.0,1.0,0.0,,
714,22/12/2021,,12548.0,,,,213,12184.0,1.0,0.0,,
715,23/12/2021,,12550.0,,,,213,12186.0,1.0,0.0,,
716,24/12/2021,,12555.0,,,,213,12189.0,1.0,0.0,,
717,25/12/2021,,12580.0,,,,213,12189.0,1.0,0.0,,
718,26/12/2021,,12589.0,,,,213,12189.0,1.0,0.0,,
719,27/12/2021,,12598.0,,,,213,12189.0,1.0,0.0,,
720,28/12/2021,,12604.0,,,,213,12189.0,1.0,0.0,,
721,29/12/2021,,12618.0,,,,213,12191.0,1.0,0.0,,
722,30/12/2021,,12630.0,,,,213,12196.0,1.0,0.0,,
723,31/12/2021,,12649.0,,,,213,12206.0,1.0,0.0,,
724,01/01/2022,,,,,,213,12209.0,,0.0,12667.0,
725,02/01/2022,,,,,,213,12214.0,,0.0,12693.0,
726,03/01/2022,,,,,,213,12219.0,,0.0,12722.0,
727,04/01/2022,,,,,,213,12228.0,,0.0,12761.0,
728,05/01/2022,,,,,,213,12230.0,,0.0,12799.0,
729,06/01/2022,,,,,,213,12235.0,,0.0,12832.0,
730,07/01/2022,,,,,,213,12235.0,,0.0,12865.0,
731,08/01/2022,,,,,,213,12243.0,,0.0,12902.0,
732,09/01/2022,,,,,,213,12284.0,,0.0,12935.0,
733,10/01/2022,,,,,,213,12296.0,,0.0,12959.0,
734,11/01/2022,,,,,,213,12304.0,,0.0,12980.0,
735,12/01/2022,,,,,,213,12316.0,,0.0,13002.0,
736,13/01/2022,,,,,,213,12327.0,,0.0,13016.0,
737,14/01/2022,,,,,,213,12339.0,,0.0,13025.0,
738,15/01/2022,,,,,,213,12366.0,,0.0,13030.0,
739,16/01/2022,,,,,,213,12393.0,,0.0,13041.0,
740,17/01/2022,,,,,,213,12416.0,,0.0,13048.0,
741,18/01/2022,,,,,,213,12446.0,,0.0,13066.0,
742,19/01/2022,,,,,,213,12474.0,,0.0,13082.0,
743,20/01/2022,,,,,,213,12493.0,,0.0,13096.0,
744,21/01/2022,,,,,,213,12514.0,,0.0,13120.0,
745,22/01/2022,,,,,,213,12541.0,,0.0,13146.0,
746,23/01/2022,,,,,,213,12572.0,,0.0,13286.0,
747,24/01/2022,,,,,,213,12602.0,,0.0,13395.0,
748,25/01/2022,,,,,,213,12623.0,,0.0,13519.0,
749,26/01/2022,,,,,,213,12655.0,,0.0,13626.0,
750,27/01/2022,,,,,,213,12687.0,,0.0,13790.0,
751,28/01/2022,,,,,,213,12710.0,,0.0,13905.0,
752,29/01/2022,,,,,,213,12730.0,,0.0,14024.0,
753,30/01/2022,,,,,,213,12752.0,,0.0,14105.0,
754,31/01/2022,,,,,,213,12780.0,,0.0,14197.0,
755,01/02/2022,,,,,,213,12806.0,,0.0,14326.0,
756,02/02/2022,,,,,,213,12826.0,,1.0,14442.0,
757,03/02/2022,,,,,,213,12880.0,,1.0,14584.0,
758,04/02/2022,,,,,,213,12916.0,,1.0,14715.0,
759,05/02/2022,,,,,,213,12987.0,,1.0,15066.0,
760,06/02/2022,,,,,,213,13125.0,,1.0,15408.0,
761,07/02/2022,,,,,,213,13232.0,,1.0,16022.0,
762,08/02/2022,,,,,,213,13315.0,,2.0,16647.0,
763,09/02/2022,,,,,,215,13436.0,,2.0,17808.0,
764,10/02/2022,,,,,,216,13795.0,,1.0,18794.0,
765,11/02/2022,,,,,,216,14037.0,,2.0,20119.0,
766,12/02/2022,,,,,,219,14183.0,,3.0,21633.0,
767,13/02/2022,,,,,,219,,,4.0,22980.0,
768,14/02/2022,,,,,,221,,,8.0,25051.0,
769,15/02/2022,,,,,,224,,,8.0,26670.0,
770,16/02/2022,,,,,,227,,,16.0,30955.0,
771,17/02/2022,,,,,,238,,,0.0,37071.0,
772,18/02/2022,,,,,,259,,,16.0,40700.0,
773,19/02/2022,,,,,,276,,,16.0,46763.0,
774,20/02/2022,,,,,,288,,,16.0,52830.0,
775,21/02/2022,,,,,,300,,,16.0,60363.0,
776,22/02/2022,,,,,,336,,,16.0,66574.0,
777,23/02/2022,,,,,,385,,,16.0,75248.0,
778,24/02/2022,,,,,,425,,,16.0,84046.0,
779,25/02/2022,,,,,,497,,,16.0,94056.0,
780,26/02/2022,,,,,,577,,,16.0,138955.0,29635.0
781,27/02/2022,,,,,,659,,,16.0,171314.0,48252.0
782,28/02/2022,,,,,,744,,,16.0,205780.0,69964.0
783,01/03/2022,,,,,,990,,,16.0,238377.0,93025.0
784,02/03/2022,,,,,,1168,,,16.0,293730.0,114013.0
785,03/03/2022,,,,,,1366,,,16.0,350557.0,134177.0
786,04/03/2022,,,,,,1554,,,60.0,403080.0,154336.0
787,05/03/2022,,,,,,1774,,,61.0,440609.0,184390.0
788,06/03/2022,,,,,,2007,,,61.0,471617.0,193183.0
789,07/03/2022,,,,,,2287,,,68.0,496767.0,204428.0
790,08/03/2022,,,,,,2578,,,69.0,525242.0,214704.0
791,09/03/2022,,,,,,2869,,,68.0,551233.0,219174.0
792,10/03/2022,,,,,,3150,,,71.0,575623.0,226186.0
793,11/03/2022,,,,,,3444,,,76.0,594511.0,236679.0
794,12/03/2022,,,,,,3729,,,85.0,610300.0,248537.0
795,13/03/2022,,,,,,3993,,,101.0,623635.0,267632.0
796,14/03/2022,,,,,,4279,,,104.0,635675.0,282500.0
797,15/03/2022,,,,,,4568,,,111.0,647631.0,298309.0
798,16/03/2022,,,,,,4847,,,119.0,662085.0,313127.0
799,17/03/2022,,,,,,5136,,,119.0,670713.0,326149.0
800,18/03/2022,,,,,,5401,,,115.0,678679.0,338265.0
801,19/03/2022,,,,,,5650,,,119.0,686207.0,347334.0
802,20/03/2022,,,,,,5896,,,115.0,692083.0,355607.0
803,21/03/2022,,,,,,6119,,,117.0,696606.0,365152.0
804,22/03/2022,,,,,,6364,,,114.0,700902.0,375008.0
805,23/03/2022,,,,,,6569,,,103.0,705152.0,382998.0
806,24/03/2022,,,,,,6770,,,108.0,710884.0,390340.0
807,25/03/2022,,,,,,6962,,,105.0,715462.0,396167.0
808,26/03/2022,,,,,,7101,,,105.0,719346.0,401124.0
809,27/03/2022,,,,,,7252,,,110.0,722901.0,405606.0
810,28/03/2022,,,,,,7420,,,108.0,726128.0,410064.0
811,29/03/2022,,,,,,7571,,,97.0,729292.0,414496.0
812,30/03/2022,,,,,,7706,,,89.0,732286.0,418483.0
813,31/03/2022,,,,,,7825,,,84.0,735145.0,422270.0
814,01/04/2022,,,,,,7945,,,79.0,737888.0,425350.0
815,02/04/2022,,,,,,8061,,,79.0,740174.0,427539.0
816,03/04/2022,,,,,,8172,,,78.0,742006.0,429416.0
817,04/04/2022,,,,,,8262,,,75.0,743595.0,430965.0
818,05/04/2022,,,,,,8349,,,71.0,745253.0,432561.0
819,06/04/2022,,,,,,8460,,,74.0,746742.0,433849.0
820,07/04/2022,,,,,,8557,,,75.0,748110.0,435125.0
821,08/04/2022,,,,,,8643,,,69.0,749337.0,436390.0
822,09/04/2022,,,,,,8705,,,66.0,750234.0,438028.0
823,10/04/2022,,,,,,8770,,,62.0,751122.0,439061.0
824,11/04/2022,,,,,,8827,,,60.0,751820.0,439770.0
825,12/04/2022,,,,,,8886,,,58.0,752555.0,440468.0
826,13/04/2022,,,,,,8948,,,54.0,753289.0,441006.0
827,14/04/2022,,,,,,9002,,,58.0,753868.0,441470.0
828,15/04/2022,,,,,,9069,,,56.0,754339.0,441945.0
829,16/04/2022,,,,,,9110,,,52.0,754788.0,442290.0
830,17/04/2022,,,,,,9139,,,51.0,755234.0,442591.0
831,18/04/2022,,,,,,9159,,,49.0,755550.0,442888.0
832,19/04/2022,,,,,,9176,,,50.0,755870.0,443168.0
833,20/04/2022,,,,,,9186,,,17.0,756200.0,443506.0
834,21/04/2022,,,,,,9212,,,19.0,756517.0,443817.0
835,22/04/2022,,,,,,9227,,,19.0,756807.0,444101.0
836,23/04/2022,,,,,,9236,,,16.0,757059.0,444372.0
837,24/04/2022,,,,,,9249,,,16.0,757280.0,444580.0
838,25/04/2022,,,,,,9267,,,16.0,757522.0,444769.0
839,26/04/2022,,,,,,9274,58804.0,,16.0,757727.0,444911.0
840,27/04/2022,,,,,,9282,59015.0,,16.0,757949.0,445119.0
841,28/04/2022,,,,,,9287,59173.0,,11.0,758155.0,445326.0
842,29/04/2022,,,,,,9298,59316.0,,8.0,758351.0,445496.0
843,30/04/2022,,,,,,9308,59504.0,,5.0,758541.0,445669.0
844,01/05/2022,,,,,,9313,59661.0,,5.0,758660.0,445850.0
845,02/05/2022,,,,,,9318,59716.0,,6.0,758780.0,446013.0
846,03/05/2022,,,,,,9325,59758.0,,7.0,758912.0,446171.0
847,04/05/2022,,,,,,9328,59864.0,,7.0,759024.0,446372.0
848,05/05/2022,,,,,,9333,59963.0,,4.0,759172.0,446545.0
849,06/05/2022,,,,,,9344,60323.0,,2.0,759316.0,446725.0
850,07/05/2022,,,,,,9344,60483.0,,2.0,759431.0,446888.0
851,08/05/2022,,,,,,9346,60600.0,,2.0,759543.0,447042.0
852,09/05/2022,,,,,,9347,60636.0,,2.0,759663.0,447155.0
853,10/05/2022,,,,,,9352,60718.0,,4.0,759801.0,447290.0
854,11/05/2022,,,,,,9355,60841.0,,3.0,759932.0,447439.0
855,12/05/2022,,,,,,9356,60972.0,,2.0,760047.0,447618.0
856,13/05/2022,,,,,,9359,61067.0,,0.0,760173.0,447790.0
857,14/05/2022,,,,,,9360,61157.0,,1.0,760289.0,447958.0
858,15/05/2022,,,,,,9361,61238.0,,1.0,760402.0,448104.0
859,16/05/2022,,,,,,9361,61277.0,,2.0,760515.0,448225.0
860,17/05/2022,,,,,,9361,61380.0,,2.0,760681.0,448387.0
861,18/05/2022,,,,,,9365,61490.0,,3.0,760808.0,448589.0
862,19/05/2022,,,,,,9366,61602.0,,4.0,760924.0,448764.0
863,20/05/2022,,,,,,9370,61702.0,,3.0,761025.0,448906.0
864,21/05/2022,,,,,,9370,61842.0,,3.0,761128.0,449031.0
865,22/05/2022,,,,,,9370,61899.0,,3.0,761222.0,449174.0
866,23/05/2022,,,,,,9370,61925.0,,3.0,761316.0,449270.0
867,24/05/2022,,,,,,9370,61988.0,,3.0,761405.0,449431.0
868,25/05/2022,,,,,,9372,62061.0,,2.0,761509.0,449578.0
869,26/05/2022,,,,,,9374,62098.0,,5.0,761620.0,449718.0
870,27/05/2022,,,,,,9375,62129.0,,7.0,761725.0,449863.0
871,28/05/2022,,,,,,9376,62163.0,,5.0,761841.0,450017.0
872,29/05/2022,,,,,,9376,62174.0,,4.0,761949.0,450146.0
873,30/05/2022,,,,,,9378,62200.0,,4.0,762074.0,450296.0
874,31/05/2022,,,,,,9378,62255.0,,5.0,762188.0,450511.0
875,01/06/2022,,,,,,9379,62317.0,,5.0,762339.0,450865.0
876,02/06/2022,,,,,,9380,62381.0,,7.0,762509.0,451184.0
877,03/06/2022,,,,,,9382,62437.0,,6.0,762708.0,451484.0
878,04/06/2022,,,,,,9382,62485.0,,6.0,762884.0,451754.0
879,05/06/2022,,,,,,9386,62510.0,,5.0,763020.0,452133.0
880,06/06/2022,,,,,,9386,62526.0,,6.0,763231.0,452465.0
881,07/06/2022,,,,,,9389,62575.0,,6.0,763462.0,452473.0
882,08/06/2022,,,,,,9389,62644.0,,4.0,763719.0,452509.0
883,09/06/2022,,,,,,9390,62691.0,,3.0,764051.0,452791.0
884,10/06/2022,,,,,,9390,62751.0,,3.0,764342.0,453168.0
885,11/06/2022,,,,,,9390,62810.0,,3.0,764702.0,453659.0
886,12/06/2022,,,,,,9390,62861.0,,3.0,765066.0,454109.0
887,13/06/2022,,,,,,9390,62896.0,,3.0,765371.0,454541.0
888,14/06/2022,,,,,,9391,62950.0,,2.0,765790.0,454971.0
889,15/06/2022,,,,,,9392,63002.0,,4.0,766319.0,455489.0
890,16/06/2022,,,,,,9392,63056.0,,3.0,766805.0,456182.0
891,17/06/2022,,,,,,9393,63122.0,,3.0,767290.0,456842.0
892,18/06/2022,,,,,,9393,63191.0,,3.0,767819.0,457589.0
893,19/06/2022,,,,,,9395,63224.0,,2.0,768318.0,458366.0
894,20/06/2022,,,,,,9396,63253.0,,3.0,768867.0,459144.0
895,21/06/2022,,,,,,9396,63312.0,,2.0,769394.0,459815.0
896,22/06/2022,,,,,,9397,63399.0,,3.0,770078.0,460578.0
897,23/06/2022,,,,,,9398,63466.0,,3.0,770730.0,461576.0
898,24/06/2022,,,,,,9398,63527.0,,2.0,771444.0,462722.0
899,25/06/2022,,,,,,9398,63620.0,,3.0,772157.0,463803.0
900,26/06/2022,,,,,,9398,63682.0,,3.0,772880.0,464997.0
901,27/06/2022,,,,,,9398,63734.0,,3.0,773610.0,466140.0
902,28/06/2022,,,,,,9399,63798.0,,3.0,774332.0,467103.0
903,29/06/2022,,,,,,9399,63877.0,,3.0,775236.0,468203.0
904,30/06/2022,,,,,,9401,63964.0,,3.0,776182.0,469615.0
905,01/07/2022,,,,,,9402,64069.0,,3.0,777071.0,471044.0
906,02/07/2022,,,,,,9405,64131.0,,3.0,777911.0,472431.0
907,03/07/2022,,,,,,9405,64171.0,,2.0,778454.0,473716.0
908,04/07/2022,,,,,,9405,64265.0,,3.0,778913.0,475098.0
909,05/07/2022,,,,,,9405,64356.0,,1.0,779826.0,476453.0
910,06/07/2022,,,,,,9406,64471.0,,2.0,780965.0,478129.0
911,07/07/2022,,,,,,9407,64590.0,,1.0,782062.0,480060.0
912,08/07/2022,,,,,,9410,64707.0,,3.0,783216.0,481851.0
913,09/07/2022,,,,,,9410,64819.0,,4.0,784488.0,483574.0
914,10/07/2022,,,,,,9412,64919.0,,5.0,785877.0,485177.0
915,11/07/2022,,,,,,9419,65009.0,,5.0,787142.0,486775.0
916,12/07/2022,,,,,,9420,65117.0,,5.0,788445.0,488241.0
917,13/07/2022,,,,,,9422,65222.0,,9.0,790024.0,489816.0
918,14/07/2022,,,,,,9427,65331.0,,8.0,791640.0,491874.0
919,15/07/2022,,,,,,9432,65450.0,,7.0,793189.0,493899.0
920,16/07/2022,,,,,,9433,65580.0,,4.0,794811.0,496039.0
921,17/07/2022,,,,,,9437,65702.0,,5.0,796285.0,498051.0
922,18/07/2022,,,,,,9440,65794.0,,4.0,797687.0,500085.0
923,19/07/2022,,,,,,9444,65927.0,,7.0,799128.0,501900.0
924,20/07/2022,,,,,,9445,66051.0,,5.0,800794.0,504039.0
925,21/07/2022,,,,,,9448,66187.0,,5.0,802577.0,506631.0
926,22/07/2022,,,,,,9454,66336.0,,2.0,804258.0,509220.0
927,23/07/2022,,,,,,9461,66506.0,,5.0,805840.0,511903.0
928,24/07/2022,,,,,,9469,66625.0,,3.0,807572.0,514421.0
929,25/07/2022,,,,,,9472,66748.0,,2.0,809214.0,516909.0
930,26/07/2022,,,,,,9478,66894.0,,7.0,811091.0,519308.0
931,27/07/2022,,,,,,9488,67090.0,,8.0,813057.0,521850.0
932,28/07/2022,,,,,,9493,67090.0,,6.0,815065.0,524728.0
933,29/07/2022,,,,,,9498,67427.0,,10.0,816977.0,527700.0
934,30/07/2022,,,,,,9502,67573.0,,9.0,818703.0,530657.0
935,31/07/2022,,,,,,9503,67730.0,,12.0,820453.0,533541.0
936,01/08/2022,,,,,,9509,67853.0,,11.0,822152.0,536096.0
937,02/08/2022,,,,,,9520,68002.0,,6.0,823801.0,538570.0
938,03/08/2022,,,,,,9524,68188.0,,6.0,825717.0,541201.0
939,04/08/2022,,,,,,9527,68399.0,,7.0,827651.0,544287.0
940,05/08/2022,,,,,,9531,68618.0,,8.0,829251.0,547115.0
941,06/08/2022,,,,,,9535,68847.0,,7.0,830966.0,550002.0
942,07/08/2022,,,,,,9540,69018.0,,7.0,832590.0,552652.0
943,08/08/2022,,,,,,9547,69145.0,,7.0,834224.0,555058.0
944,09/08/2022,,,,,,9550,69309.0,,8.0,835893.0,557434.0
945,10/08/2022,,,,,,9554,69555.0,,6.0,837821.0,560099.0
946,11/08/2022,,,,,,9555,69755.0,,7.0,839290.0,563006.0
947,12/08/2022,,,,,,9559,69952.0,,9.0,840746.0,565989.0
948,13/08/2022,,,,,,9562,70148.0,,11.0,842717.0,569326.0
949,14/08/2022,,,,,,9565,70301.0,,10.0,844446.0,572576.0
950,15/08/2022,,,,,,9569,70439.0,,9.0,846205.0,575713.0
951,16/08/2022,,,,,,9580,70639.0,,9.0,848185.0,578895.0
952,17/08/2022,,,,,,9584,70870.0,,10.0,850525.0,582312.0
953,18/08/2022,,,,,,9589,71144.0,,9.0,852921.0,585970.0
954,19/08/2022,,,,,,9597,71414.0,,10.0,855243.0,590093.0
955,20/08/2022,,,,,,9602,71684.0,,12.0,857485.0,594240.0
956,21/08/2022,,,,,,9605,71914.0,,11.0,859920.0,598318.0
957,22/08/2022,,,,,,9610,72109.0,,11.0,862359.0,602496.0
958,23/08/2022,,,,,,9620,72376.0,,11.0,864771.0,606738.0
959,24/08/2022,,,,,,9634,72675.0,,9.0,867886.0,611507.0
960,25/08/2022,,,,,,9643,72972.0,,12.0,871104.0,616868.0
961,26/08/2022,,,,,,9650,73227.0,,13.0,873450.0,622357.0
962,27/08/2022,,,,,,9654,73533.0,,12.0,875476.0,628788.0
963,28/08/2022,,,,,,9664,73831.0,,13.0,878592.0,635380.0
964,29/08/2022,,,,,,9668,74073.0,,17.0,881327.0,641133.0
965,30/08/2022,,,,,,9681,74418.0,,13.0,884194.0,647114.0
966,31/08/2022,,,,,,9690,74764.0,,15.0,887441.0,653362.0
967,01/09/2022,,,,,,9701,75094.0,,14.0,890747.0,660642.0
968,02/09/2022,,,,,,9709,75412.0,,13.0,893732.0,667558.0
969,03/09/2022,,,,,,9716,75770.0,,16.0,896964.0,674752.0
970,04/09/2022,,,,,,9724,76096.0,,18.0,900065.0,682334.0
971,05/09/2022,,,,,,9732,76361.0,,16.0,902881.0,689539.0
972,06/09/2022,,,,,,9741,76740.0,,14.0,905468.0,696325.0
973,07/09/2022,,,,,,9757,77156.0,,15.0,908530.0,703457.0
974,08/09/2022,,,,,,9769,77564.0,,14.0,911522.0,711556.0
975,09/09/2022,,,,,,9780,77921.0,,15.0,914287.0,718867.0
976,10/09/2022,,,,,,9788,78329.0,,16.0,916726.0,726215.0
977,11/09/2022,,,,,,9799,78675.0,,12.0,919076.0,732898.0
978,12/09/2022,,,,,,9810,78913.0,,14.0,921097.0,738815.0
979,13/09/2022,,,,,,9820,79100.0,,13.0,923168.0,743962.0
980,14/09/2022,,,,,,9830,79426.0,,13.0,925447.0,749262.0
981,15/09/2022,,,,,,9836,79828.0,,10.0,927918.0,754978.0
982,16/09/2022,,,,,,9852,80219.0,,14.0,930228.0,761667.0
983,17/09/2022,,,,,,9868,80579.0,,16.0,932228.0,767945.0
984,18/09/2022,,,,,,9891,80922.0,,16.0,934102.0,773393.0
985,19/09/2022,,,,,,9901,81135.0,,17.0,935735.0,778020.0
986,20/09/2022,,,,,,9908,81491.0,,20.0,937202.0,782147.0
987,21/09/2022,,,,,,9917,81888.0,,18.0,938909.0,786127.0
988,22/09/2022,,,,,,9934,82270.0,,20.0,940524.0,790502.0
989,23/09/2022,,,,,,10099,82583.0,,15.0,941981.0,794432.0
990,24/09/2022,,,,,,10106,83269.0,,14.0,943292.0,798311.0
991,25/09/2022,,,,,,10116,83531.0,,13.0,944483.0,801017.0
992,26/09/2022,,,,,,10128,83716.0,,15.0,945643.0,803891.0
993,27/09/2022,,,,,,10134,83950.0,,13.0,946753.0,806448.0
994,28/09/2022,,,,,,10148,84270.0,,12.0,948039.0,809073.0
995,29/09/2022,,,,,,10153,84533.0,,8.0,949293.0,812088.0
996,30/09/2022,,,,,,10161,84783.0,,7.0,950520.0,814884.0
997,01/10/2022,,,,,,10167,85125.0,,11.0,951643.0,817668.0
998,02/10/2022,,,,,,10173,85350.0,,12.0,952712.0,820168.0
999,03/10/2022,,,,,,10176,85457.0,,11.0,953883.0,822526.0
1000,04/10/2022,,,,,,10184,85660.0,,11.0,955015.0,824680.0
1001,05/10/2022,,,,,,10194,85835.0,,13.0,956405.0,826932.0
1002,06/10/2022,,,,,,10200,86038.0,,15.0,957785.0,829870.0
1003,07/10/2022,,,,,,10202,86289.0,,12.0,959183.0,832841.0
1004,08/10/2022,,,,,,10215,86548.0,,9.0,960560.0,836364.0
1005,09/10/2022,,,,,,10218,86762.0,,14.0,962056.0,839758.0
1006,10/10/2022,,,,,,10228,86886.0,,15.0,963585.0,843103.0
1007,11/10/2022,,,,,,10237,87085.0,,13.0,964934.0,846410.0
1008,12/10/2022,,,,,,10246,87346.0,,12.0,966653.0,849479.0
1009,13/10/2022,,,,,,10254,87575.0,,9.0,968281.0,853473.0
1010,14/10/2022,,,,,,10261,87818.0,,5.0,969842.0,857018.0
1011,15/10/2022,,,,,,10268,88052.0,,8.0,971440.0,860844.0
1012,16/10/2022,,,,,,10273,88253.0,,8.0,973243.0,864605.0
1013,17/10/2022,,,,,,10278,88419.0,,11.0,974954.0,868255.0
1014,18/10/2022,,,,,,10285,88586.0,,8.0,976445.0,871718.0
1015,19/10/2022,,,,,,10297,88853.0,,6.0,978066.0,875221.0
1016,20/10/2022,,,,,,10306,89104.0,,8.0,979292.0,879428.0
1017,21/10/2022,,,,,,10315,89323.0,,9.0,980807.0,883306.0
1018,22/10/2022,,,,,,10322,89549.0,,10.0,982777.0,887289.0
1019,23/10/2022,,,,,,10326,89766.0,,10.0,984476.0,891125.0
1020,24/10/2022,,,,,,10333,89914.0,,11.0,986205.0,894802.0
1021,25/10/2022,,,,,,10343,90145.0,,9.0,987799.0,898429.0
1022,26/10/2022,,,,,,10350,90420.0,,10.0,989670.0,901961.0
1023,27/10/2022,,,,,,10358,90642.0,,7.0,991501.0,906192.0
1024,28/10/2022,,,,,,10365,90878.0,,8.0,993352.0,909997.0
1025,29/10/2022,,,,,,10373,91110.0,,10.0,994925.0,913807.0
1026,30/10/2022,,,,,,10385,91317.0,,9.0,996631.0,917311.0
1027,31/10/2022,,,,,,10397,91466.0,,9.0,998199.0,920509.0
1028,01/11/2022,,,,,,10410,91683.0,,12.0,999663.0,923463.0
1029,02/11/2022,,,,,,10418,91935.0,,13.0,1001288.0,926547.0
1030,03/11/2022,,,,,,10428,92073.0,,14.0,1002718.0,930362.0
1031,04/11/2022,,,,,,10439,92378.0,,12.0,1003633.0,933963.0
1032,05/11/2022,,,,,,10457,92616.0,,9.0,1005289.0,937418.0
1033,06/11/2022,,,,,,10470,92863.0,,10.0,1006655.0,941040.0
1034,07/11/2022,,,,,,10475,92978.0,,11.0,1008242.0,944651.0
1035,08/11/2022,,,,,,10479,93192.0,,9.0,1009552.0,947990.0
1036,09/11/2022,,,,,,10492,93420.0,,8.0,1011317.0,951293.0
1037,10/11/2022,,,,,,10501,93678.0,,10.0,1012934.0,955373.0
1038,11/11/2022,,,,,,10511,93913.0,,9.0,1014491.0,959415.0
1039,12/11/2022,,,,,,10517,94206.0,,8.0,1016119.0,963510.0
1040,13/11/2022,,,,,,10526,94427.0,,9.0,1017922.0,968282.0
1041,14/11/2022,,,,,,10536,94579.0,,11.0,1019661.0,972557.0
1042,15/11/2022,,,,,,10549,94803.0,,9.0,1021357.0,976812.0
