AC,FM,UC,DL,DS,DP,ASTV,MSTV,ALTV,MLTV,Width,Min,Max,Nmax,Nzeros,Mode,Mean,Median,Variance,Tendency
0.006,0,0.006,0.003,0,0,17,2.1,0,10.4,130,68,198,6,1,141,136,140,12,0
0.003,0,0.008,0.003,0,0,16,2.1,0,13.4,130,68,198,5,1,141,135,138,13,0
0.003,0,0.008,0.003,0,0,16,2.4,0,23,117,53,170,11,0,137,134,137,13,1
0.001,0,0.013,0.008,0,0.003,29,6.3,0,0,150,50,200,6,3,71,107,106,215,0
0,0,0.002,0,0,0,84,0.5,5,13.6,68,62,130,0,0,122,122,123,3,1
0,0,0.001,0.001,0,0,64,2,8,29.5,130,56,186,5,0,150,148,151,10,1
0.005,0.072,0.008,0.003,0,0,28,1.4,0,12.9,66,88,154,5,0,135,134,137,7,1
0.009,0.222,0.006,0.002,0,0,28,1.5,0,5.4,87,71,158,2,0,141,137,141,10,1
0.005,0.425,0.003,0.003,0,0.002,26,1.7,0,6.7,141,57,198,9,0,129,125,132,34,0
0,0.334,0.003,0.003,0,0.003,34,2.5,0,4,145,54,199,11,1,75,99,102,148,-1
0,0,0,0,0,0,80,0.5,0,6.8,16,114,130,0,0,126,124,125,1,1
0,0,0.003,0,0,0,86,0.3,79,2.9,16,114,130,0,0,128,126,129,0,1
0,0,0,0,0,0,86,0.3,72,4,12,118,130,1,0,124,124,125,0,0
0,0,0,0,0,0,87,0.2,71,3.4,10,118,128,0,0,124,123,125,0,0
0,0.099,0,0.012,0,0,26,6,0,5,143,50,193,10,0,133,113,117,89,0
0,0.112,0.004,0.014,0,0,22,6.9,0,6.3,149,50,199,10,0,123,112,115,66,0
0,0.089,0.001,0.01,0,0,29,2.9,0,15.1,144,50,194,11,1,133,124,130,35,0
0.009,0.085,0.002,0.002,0,0,28,3.2,0,12.4,128,53,181,9,1,129,125,127,25,0
0.006,0.109,0.007,0,0,0,27,3.7,0,24.2,144,51,195,11,0,125,124,126,24,0
0.005,0.079,0.005,0.003,0,0,23,3.4,0,18.8,130,52,182,9,0,119,116,118,21,0
0.005,0,0.005,0.003,0,0,24,3.2,0,16.2,134,52,186,8,0,117,115,117,19,0
0.006,0.065,0.004,0.001,0,0,22,3.6,0,19.6,138,50,188,8,0,117,117,119,21,0
0.009,0.055,0.005,0,0,0,27,2.3,0,12.4,129,53,182,7,0,119,120,120,14,0
0.008,0.058,0.007,0.001,0,0,28,2.2,0,12.2,98,55,153,7,1,119,119,120,13,0
0.002,0.038,0.005,0,0,0,40,1.6,1,13.3,93,55,148,6,0,127,124,127,9,1
0,0.02,0.003,0.006,0,0,21,4.7,0,15.7,150,50,200,8,0,116,112,117,23,0
0,0.005,0.008,0.003,0,0,17,4.9,0,22.1,145,53,198,13,0,127,122,126,25,0
0.002,0.003,0.006,0.002,0,0,20,5,0,21.1,148,50,198,11,0,127,124,127,28,0
0.003,0.006,0.006,0.006,0,0,22,7,0,16.6,149,50,199,7,0,129,118,124,75,0
0.005,0,0.008,0.001,0,0,27,1.7,0,14.9,120,77,197,7,0,170,168,170,14,1
0,0.001,0,0.001,0,0,61,0.5,40,6.2,31,130,161,2,0,154,152,154,1,1
0,0.003,0,0,0,0,70,0.3,69,5.1,18,136,154,3,0,150,148,150,0,1
0,0,0,0.001,0,0,58,1.3,53,13.2,126,58,184,12,1,150,148,151,8,1
0.001,0,0.005,0,0,0,25,1.5,0,13.4,103,74,177,10,0,142,143,144,4,1
0.001,0,0.004,0,0,0,44,1,20,11.9,99,81,180,9,2,162,156,159,8,1
0.007,0,0.004,0,0,0,34,1.2,0,10.3,60,119,179,2,0,156,153,155,5,0
0,0,0.005,0,0,0,46,0.8,1,13,37,132,169,4,0,162,158,160,5,1
0.001,0,0.005,0,0,0,45,0.8,2,11.5,30,138,168,3,0,162,157,160,5,1
0.01,0.006,0.003,0,0,0,52,1.6,0,16.2,104,68,172,0,0,144,147,147,14,1
0.008,0.004,0.004,0,0,0,52,1.9,0,17.7,108,68,176,2,0,144,147,147,18,1
0.006,0.003,0.003,0,0,0,56,1.5,1,15.1,108,68,176,3,0,156,150,153,15,1
0.007,0.009,0.002,0,0,0,36,1.4,0,13.6,119,57,176,3,1,148,150,150,12,1
0.003,0.003,0.001,0,0,0,34,1.7,0,22.3,117,57,174,6,1,150,147,150,11,1
0.005,0.01,0.005,0,0,0,35,1.9,0,21.3,140,56,196,5,0,148,150,151,12,1
0.013,0.028,0.001,0,0,0,41,1.1,0,11.4,125,62,187,4,0,167,164,166,11,1
0,0.107,0,0.002,0,0,38,1.5,0,13.3,134,53,187,5,0,133,136,138,6,0
0.002,0.003,0,0.003,0,0,51,2.2,0,7.1,148,52,200,12,4,147,137,145,55,0
0,0.003,0,0,0,0,70,0.3,68,5.3,17,136,153,2,0,150,148,150,0,1
0,0.005,0.002,0,0,0,72,0.3,74,4.6,16,136,152,0,0,150,148,150,0,1
0,0,0,0,0,0,58,0.5,7,9.5,21,135,156,1,0,150,149,151,1,1
0,0,0,0,0,0,63,0.4,30,8.8,35,121,156,3,1,150,149,151,1,1
0,0.001,0,0.001,0,0,60,0.5,49,4.8,83,78,161,3,0,154,152,154,1,1
0.01,0.007,0.002,0,0,0,19,1.9,0,6.8,96,101,197,8,1,133,131,133,5,-1
0.005,0.008,0.002,0.001,0,0,24,1.6,0,14.6,55,97,152,6,2,131,130,132,6,0
0.008,0.013,0.002,0,0,0,24,1.6,0,17.3,84,68,152,4,0,132,132,133,5,1
0.003,0.016,0,0,0,0,22,1.9,0,15.8,82,68,150,5,1,132,130,133,6,1
0.004,0.029,0.003,0.004,0,0,22,2.8,0,17.2,128,56,184,5,1,125,123,126,16,0
0,0.05,0,0.008,0,0,22,3.9,0,13.1,145,52,197,7,1,121,117,121,23,0
0.007,0.058,0.002,0.007,0,0,23,2.2,0,4.4,122,78,200,10,0,131,125,128,20,0
0,0.003,0.006,0,0,0,38,1.2,0,12.5,54,111,165,4,1,133,132,134,2,0
0,0,0.007,0.002,0,0.002,26,4.3,0,19.4,146,50,196,8,1,126,105,113,117,0
0.003,0,0.004,0.004,0,0,30,1.1,1,5.8,53,95,148,3,0,125,124,126,6,0
0.004,0,0.005,0.005,0,0,24,1.3,0,2.1,56,92,148,3,0,121,123,125,7,0
0.006,0,0.006,0.004,0,0,33,1.3,0,4.7,138,61,199,9,1,135,122,127,39,0
0,0,0.003,0,0,0,65,0.4,16,10.8,91,81,172,0,0,163,163,165,2,1
0,0,0.003,0,0,0,62,0.5,6,13.2,91,81,172,0,0,163,163,164,2,1
0,0,0,0,0,0,55,0.5,38,5.8,15,156,171,0,0,165,164,166,0,0
0.001,0,0.008,0,0,0,61,0.4,8,8.6,44,133,177,4,0,165,164,166,1,1
0,0,0.008,0,0,0,66,0.4,13,8.5,24,149,173,0,0,165,164,166,0,1
0,0,0.009,0,0,0,66,0.4,16,7.2,23,147,170,0,0,165,164,166,0,1
0.001,0,0.008,0,0,0,57,0.5,8,9.1,40,148,188,0,0,167,169,170,5,0
0.002,0,0.009,0,0,0,58,0.5,13,8,42,146,188,2,0,167,172,174,8,0
0.003,0,0.003,0,0,0,44,2,0,35.7,147,50,197,8,5,153,155,157,23,1
0.001,0,0.001,0,0,0,51,1.1,10,18,100,72,172,8,1,147,146,147,4,1
0.003,0,0,0,0,0,51,0.9,9,10.6,94,77,171,4,1,153,154,154,5,1
0,0,0.003,0,0,0,57,0.5,20,9.6,48,115,163,5,0,153,152,153,1,1
0.006,0.001,0.004,0.001,0,0,41,1.7,0,8.3,121,52,173,12,1,159,149,154,30,1
0,0,0.008,0,0,0,34,1.1,0,14.6,85,114,199,4,0,126,127,128,3,-1
0.002,0,0.005,0,0,0,38,0.9,14,8.8,39,113,152,2,0,126,128,128,4,0
0.005,0,0.007,0,0,0,35,0.9,13,3.2,33,116,149,1,0,126,128,127,3,-1
0.004,0,0.006,0.001,0,0,32,1.2,10,8.9,81,67,148,2,0,125,124,126,8,1
0.004,0,0.004,0,0,0,31,1.2,10,8.2,57,86,143,4,0,125,125,126,3,1
0.003,0.008,0.001,0.001,0,0,56,3.2,0,41.8,130,54,184,1,0,138,135,139,25,0
0.003,0.007,0.001,0,0,0,53,3.7,0,50.7,130,54,184,1,0,136,135,139,25,0
0.002,0.004,0.002,0,0,0,67,1.5,3,25.8,138,54,192,2,0,136,136,137,7,0
0,0,0.005,0,0,0,48,0.6,26,5.5,12,114,126,1,0,120,120,122,0,0
0.001,0,0.004,0.001,0,0,29,1.3,2,10.6,89,77,166,3,1,121,121,123,4,0
0,0,0,0.008,0,0,37,1.9,0,3.2,90,58,148,4,1,127,121,126,21,1
0,0,0.006,0.008,0,0,38,2.6,0,10.6,128,51,179,7,1,133,125,130,25,0
0,0,0.005,0,0,0,49,2,0,23.3,89,62,151,5,0,133,133,135,8,1
0.001,0,0.004,0,0,0,43,1.1,20,11.3,44,129,173,8,2,162,155,159,8,1
0.002,0,0.006,0,0,0,43,1,19,11.6,44,129,173,8,2,162,155,159,9,0
0.006,0,0.004,0,0,0,32,1.3,0,9,60,119,179,2,0,158,152,155,8,0
0,0,0.004,0,0,0,45,1,20,12.3,99,81,180,8,2,162,156,159,8,1
0.001,0,0.004,0,0,0,44,0.8,2,11.9,33,135,168,4,0,162,157,160,5,1
0.001,0,0.005,0,0,0,46,0.8,2,11.5,31,138,169,3,0,162,158,161,5,1
0,0,0.006,0,0,0,56,0.5,19,7.9,19,148,167,2,0,153,157,158,3,0
0,0,0.007,0,0,0,54,0.5,13,7.7,16,147,163,2,0,153,155,157,2,0
0,0,0.002,0,0,0,49,0.6,3,11.6,27,140,167,0,0,159,156,158,3,1
0.003,0,0.002,0,0,0,49,0.6,0,7,26,145,171,1,0,154,157,158,4,0
0,0.013,0,0.001,0,0,53,0.7,7,12.2,77,56,133,6,0,123,121,123,3,1
0,0.013,0,0,0,0,51,0.8,0,14.8,77,56,133,5,0,123,122,124,2,1
0,0.008,0,0,0,0,54,0.6,12,8.6,24,109,133,0,1,123,122,124,1,0
0,0.008,0,0,0,0,51,0.7,15,7.4,21,109,130,1,1,123,121,123,0,0
0,0.022,0,0,0,0,55,0.9,0,15.1,77,58,135,5,0,123,123,124,5,1
0,0.026,0,0,0,0,53,0.8,0,15.3,69,62,131,3,0,125,121,124,5,1
0,0.007,0,0,0,0,59,0.6,0,7.6,25,111,136,0,0,129,129,130,0,1
0.003,0.01,0,0,0,0,51,0.6,0,4.9,16,125,141,1,0,133,132,134,0,0
0.005,0.021,0,0,0,0,47,0.8,0,6.1,75,68,143,3,0,133,132,133,2,1
0.002,0.006,0.001,0,0,0,61,0.5,3,10.6,83,62,145,4,0,129,131,132,4,1
0.003,0.005,0.002,0,0,0,58,0.5,0,8.3,38,113,151,3,0,129,134,136,6,0
0,0.005,0,0,0,0,61,0.6,4,11.5,89,62,151,4,0,131,129,131,2,1
0.006,0.004,0,0,0,0,53,0.8,0,17.9,104,64,168,3,0,136,134,136,5,1
0.003,0.016,0,0,0,0,52,0.7,0,11.5,80,68,148,10,0,133,134,134,3,1
0.006,0.017,0,0,0,0,44,1,0,4.8,36,120,156,2,0,133,133,133,3,0
0,0.019,0,0,0,0,56,0.5,1,7.4,23,120,143,3,0,133,133,134,1,0
0.007,0.005,0,0,0,0,48,1.1,2,14,84,64,148,2,0,133,132,134,7,1
0.003,0.003,0,0,0,0,52,0.8,2,15.4,90,50,140,7,0,129,128,130,4,1
0.003,0.005,0,0,0,0,55,0.7,0,8.9,71,81,152,4,0,129,129,130,3,1
0,0,0,0,0,0,50,0.8,7,13.8,74,63,137,2,0,129,127,129,2,1
0.003,0.008,0,0,0,0,52,0.6,2,8,21,117,138,0,0,125,127,128,2,0
0.005,0.003,0,0,0,0,58,0.5,4,7.4,22,117,139,0,0,125,128,129,3,0
0,0.005,0.001,0,0,0,66,0.3,46,5.8,21,112,133,0,0,125,124,126,0,0
0,0.005,0.001,0,0,0,67,0.3,57,4.9,14,115,129,1,0,125,124,126,0,1
0,0.009,0,0,0,0,68,0.3,75,3.5,8,120,128,0,0,125,125,126,0,0
0,0.004,0.002,0,0,0,66,0.4,20,6.7,22,109,131,1,0,120,121,122,1,0
0.008,0.006,0.004,0,0,0,43,1.9,0,18.7,124,60,184,10,0,133,137,138,16,0
0.006,0.007,0.002,0,0,0,56,0.5,23,3.8,37,141,178,3,0,157,160,160,4,0
0.003,0.01,0.003,0,0,0,61,0.5,26,7.4,26,139,165,2,0,153,152,154,2,0
0,0.009,0.006,0,0,0,67,0.5,22,14.3,84,72,156,12,0,143,140,143,4,1
0.002,0.008,0.003,0,0,0,57,0.6,26,14.3,91,65,156,7,0,129,131,133,10,1
0,0.009,0.002,0,0,0,51,0.6,37,9.1,30,114,144,3,0,120,125,126,8,-1
0.007,0,0.007,0.005,0,0,14,3.3,0,6.3,124,67,191,8,0,129,125,130,45,0
0.006,0,0.008,0.005,0,0,12,3.4,0,5.7,130,58,188,8,0,129,122,129,41,0
0.007,0,0.005,0.007,0,0,16,3.4,0,0,138,53,191,11,0,153,124,130,136,0
0.012,0,0.008,0.004,0,0,13,3.8,0,1.3,138,53,191,12,1,133,126,131,41,0
0,0,0.006,0,0,0,24,1.7,0,15.8,91,107,198,9,0,135,136,138,7,-1
0,0,0.005,0,0,0,21,1.7,0,12.4,37,114,151,4,0,128,130,131,2,0
0.008,0,0.004,0,0,0,46,1,0,9.3,92,63,155,6,0,133,133,134,7,1
0.005,0,0.003,0,0,0,49,0.7,0,9.7,90,63,153,2,0,133,133,134,4,1
0.01,0,0.007,0.001,0,0,34,1,0,3.1,42,106,148,1,0,126,130,130,7,0
0.002,0,0.001,0,0,0,41,1.1,14,13.4,87,58,145,11,1,127,126,127,4,1
0,0,0,0,0,0,44,0.8,34,6.3,82,59,141,4,0,127,126,128,0,1
0,0,0,0,0,0,41,0.9,23,10.6,83,59,142,4,0,127,125,127,2,1
0.001,0,0.004,0,0,0,54,0.5,9,8.4,29,116,145,4,0,126,128,129,3,0
0,0,0.003,0,0,0,50,0.5,8,7.6,21,116,137,1,0,126,126,127,1,0
0.004,0,0.009,0.002,0,0,50,1.6,7,8.1,118,53,171,7,2,125,126,127,14,0
0.002,0.01,0.003,0.002,0,0,46,1.1,0,15.4,69,95,164,5,0,139,135,138,9,0
0.007,0.003,0.003,0,0,0,44,1.1,0,7.6,58,112,170,6,0,137,136,137,5,0
0,0.004,0,0,0,0,67,0.4,34,7.5,27,129,156,3,0,151,146,149,3,1
0,0.002,0,0,0,0,74,0.3,54,4.9,23,131,154,3,0,151,150,151,0,1
0,0.009,0,0,0,0,58,0.6,1,8.8,39,125,164,3,0,143,142,144,1,0
0,0.013,0,0,0,0,51,1.2,5,19.7,119,56,175,12,0,141,141,143,5,1
0,0.013,0,0,0,0,66,0.5,38,12.8,114,74,188,6,0,147,146,148,2,0
0,0.015,0,0,0,0,74,0.2,78,3.6,14,139,153,0,0,148,148,149,0,0
0,0.012,0,0,0,0,75,0.2,84,2.9,7,145,152,1,0,148,148,149,0,0
0,0.019,0,0,0,0,70,0.3,71,3.8,14,139,153,1,0,150,148,150,0,1
0,0.012,0,0,0,0,75,0.2,52,5.6,16,136,152,1,0,145,144,146,0,0
0,0.006,0,0,0,0,77,0.2,62,3.8,12,138,150,2,0,144,144,146,0,0
0,0.02,0,0,0,0,77,0.2,45,5.8,21,129,150,1,0,146,145,147,0,1
0,0.005,0,0,0,0,61,0.4,35,5.7,18,126,144,1,0,134,135,136,0,0
0,0.006,0,0,0,0,69,0.5,45,11,42,117,159,6,0,153,150,152,3,1
0,0.022,0,0,0,0,74,0.3,56,6.4,25,131,156,4,0,150,150,151,0,1
0,0.028,0,0,0,0,71,0.4,18,7.9,17,139,156,0,0,151,151,152,0,1
0,0.016,0,0,0,0,73,0.3,44,7.3,26,128,154,3,0,150,149,151,0,1
0,0.001,0,0,0,0,56,1,39,16.4,89,67,156,8,0,143,140,142,6,1
0,0,0,0,0,0,62,0.5,71,6.9,97,71,168,3,0,143,142,144,1,1
0.002,0.015,0,0,0,0,54,1,10,16.7,132,66,198,10,0,150,143,146,12,0
0,0.006,0,0,0,0,77,0.2,42,4.6,12,137,149,1,0,142,142,143,0,0
0,0.004,0,0,0,0,78,0.2,57,4.3,12,137,149,1,0,144,143,145,0,0
0,0.004,0,0,0,0,79,0.2,56,4.3,12,137,149,1,0,144,143,145,0,0
0,0.011,0,0,0,0,79,0.3,77,7.9,80,71,151,2,0,145,144,146,1,1
0,0,0,0,0,0,73,0.3,84,3.5,8,131,139,1,0,134,134,135,0,0
0,0.002,0,0,0,0,77,0.2,41,5.3,17,128,145,1,1,142,141,143,0,1
0,0.007,0,0,0,0,78,0.2,59,4.2,11,133,144,1,0,140,139,141,0,0
0,0.007,0,0,0,0,77,0.2,55,4.3,11,133,144,1,0,140,139,141,0,0
0,0.003,0,0,0,0,76,0.3,12,6.1,17,128,145,1,1,140,140,141,0,1
0,0.019,0.002,0,0,0,78,0.2,49,4.8,10,136,146,1,0,142,141,143,0,0
0,0.022,0,0,0,0,78,0.2,86,3.4,8,136,144,1,0,141,140,141,0,0
0,0.006,0,0.003,0,0,67,0.4,25,7.1,25,122,147,1,0,142,138,141,4,1
0,0.007,0,0.005,0,0,61,0.9,16,12.4,129,64,193,9,1,142,138,141,11,0
0,0.009,0,0,0,0,59,0.5,15,9.8,53,95,148,4,0,142,138,142,4,1
0.002,0.009,0,0,0,0,46,1.2,0,16.2,95,60,155,8,0,136,133,135,8,1
0,0.009,0.003,0,0,0,60,0.5,14,11.4,80,68,148,4,0,137,136,138,2,1
0,0.011,0.004,0,0,0,69,0.3,29,5.6,12,129,141,1,0,137,135,137,0,0
0,0.006,0.003,0,0,0,61,0.5,21,9.5,36,108,144,5,0,138,135,137,3,1
0,0.019,0.002,0,0,0,63,0.4,60,4,8,133,141,1,0,136,136,137,0,0
0,0.013,0.002,0,0,0,65,0.4,68,5,25,116,141,3,0,136,135,137,0,1
0,0.008,0.003,0,0,0,61,0.5,4,7.8,16,128,144,1,0,135,135,136,0,0
0,0.008,0.001,0.002,0,0,64,0.4,30,7,41,118,159,2,0,144,143,145,5,0
0,0.009,0.002,0.002,0,0,55,0.7,0,9.3,48,103,151,4,0,144,140,143,5,1
0,0.001,0,0.001,0,0,66,0.4,20,6.8,33,117,150,2,0,144,141,144,2,1
0.009,0.023,0,0,0,0,46,1.1,2,2.9,114,58,172,7,0,154,149,152,8,1
0.001,0.02,0.001,0.001,0,0,56,0.5,17,7.4,51,121,172,4,0,154,148,152,7,0
0.009,0.035,0.003,0,0,0,41,1.1,0,2.9,135,65,200,4,1,133,147,142,60,0
0.005,0.005,0,0,0,0,48,0.7,0,6.3,28,125,153,1,0,135,137,137,2,0
0.011,0.088,0.005,0,0,0,36,1.5,0,0,99,99,198,3,1,186,163,169,106,1
0.01,0.043,0.003,0,0,0,36,1.4,0,9.4,140,55,195,5,3,143,148,143,52,0
0,0,0.001,0,0,0,59,0.5,29,9.8,37,120,157,5,1,146,146,147,2,1
0,0,0.002,0,0,0,46,0.9,0,11.8,116,68,184,5,1,150,147,149,4,1
0,0,0,0,0,0,65,0.4,21,6.5,17,145,162,0,0,156,155,157,0,0
0,0,0,0,0,0,53,0.5,62,4.5,14,151,165,0,0,161,159,161,1,0
0,0,0,0,0,0,48,0.6,68,4,8,154,162,0,0,159,158,160,0,0
0,0,0,0.003,0,0,73,0.9,47,4.8,148,51,199,8,0,154,150,155,29,1
0,0,0,0.005,0,0,70,1.4,48,4.4,149,51,200,10,0,154,147,155,54,1
0,0,0,0,0,0,76,0.3,31,5.4,11,146,157,1,0,154,153,155,0,1
0,0,0,0,0,0,60,0.4,12,5.5,10,144,154,0,0,150,149,150,0,0
0,0,0,0,0,0,55,0.6,0,7.4,21,131,152,2,0,135,139,141,4,0
0.001,0,0.001,0,0,0,68,0.4,47,5.8,65,135,200,3,0,143,143,144,1,-1
0.002,0,0.002,0,0,0,63,0.5,9,7.8,75,125,200,4,0,146,144,146,2,-1
0,0,0.003,0,0,0,64,0.6,26,11.6,85,73,158,7,1,146,145,147,2,1
0,0,0.002,0,0,0,65,0.5,0,9.2,23,129,152,2,1,143,143,145,1,0
0,0,0.002,0,0,0,65,0.6,7,12.9,29,129,158,4,1,150,145,146,5,0
0,0.002,0.005,0,0,0,53,0.6,6,10.8,27,141,168,2,1,163,159,161,2,1
0,0.001,0.005,0,0,0,53,0.8,3,19.7,91,102,193,3,0,161,159,161,3,0
0.013,0.006,0.003,0,0,0,40,1.3,0,7.1,89,68,157,5,1,133,134,136,9,1
0.012,0.009,0.001,0,0,0,39,1.3,0,6.6,98,102,200,7,1,133,131,132,8,-1
0.011,0,0,0,0,0,37,1.6,0,12.2,126,68,194,3,1,127,133,134,12,0
0.007,0,0,0,0,0,44,0.9,0,7.7,38,118,156,3,0,138,137,139,3,0
0,0,0.006,0.006,0,0,64,1.1,26,3,150,50,200,11,2,156,150,156,38,1
0,0,0.008,0.005,0,0,61,1.3,15,10.5,150,50,200,8,1,156,148,155,42,1
0,0,0.006,0.006,0,0,53,2.9,3,21.4,149,51,200,11,7,156,147,155,75,1
0.001,0.003,0.001,0.002,0,0,55,1.3,10,15.5,115,52,167,12,3,148,143,147,17,1
0,0.003,0,0.001,0,0,60,0.6,7,8.5,110,57,167,3,0,144,149,149,10,1
0,0.003,0,0,0,0,61,0.4,8,6.7,16,140,156,0,0,148,147,149,0,0
0,0.003,0,0,0,0,58,0.5,5,7.8,26,141,167,1,0,147,151,151,6,-1
0,0.004,0,0,0,0,68,0.3,39,6.7,15,136,151,1,0,142,142,143,0,0
0,0.006,0,0,0,0,69,0.3,39,6.5,14,137,151,1,0,142,142,143,0,0
0.007,0.003,0,0,0,0,58,0.6,3,3.9,95,70,165,5,0,142,143,144,2,1
0,0.004,0.001,0,0,0,53,0.6,13,9.9,22,125,147,2,0,137,136,137,1,0
0.007,0.054,0.005,0.001,0,0,34,2.2,0,19,107,52,159,2,0,133,135,137,22,1
0.006,0,0.001,0,0,0,42,1.8,0,15.5,116,70,186,8,1,153,151,152,14,1
0.004,0,0,0,0,0,45,1.1,0,16.1,100,70,170,1,0,153,151,152,7,1
0.003,0.002,0.002,0,0,0,62,0.4,13,7.9,35,106,141,2,0,120,122,122,3,0
0.006,0.001,0.001,0,0,0,51,1.3,3,11.1,113,59,172,16,1,117,127,129,23,0
0,0.002,0.001,0.001,0,0,78,0.6,23,11,126,74,200,5,0,146,145,147,3,0
0,0.001,0.001,0,0,0,83,0.3,31,5.8,38,132,170,2,0,144,144,145,0,-1
0,0.002,0.002,0,0,0,84,0.3,31,5.7,38,132,170,2,0,144,143,145,0,-1
0,0.002,0,0,0,0,81,0.4,28,6.6,34,130,164,2,0,152,152,153,1,0
0,0,0.001,0,0,0,81,0.4,17,7.1,44,130,174,2,0,152,150,151,1,0
0,0.001,0,0,0,0,84,0.3,32,6.2,20,136,156,0,0,150,150,151,1,1
0,0,0.001,0.001,0,0,62,0.5,8,10.1,87,70,157,1,1,148,145,148,4,1
0,0,0.001,0.001,0,0,60,0.5,5,7.5,46,111,157,1,1,148,146,148,4,1
0,0,0,0.002,0,0,57,0.5,0,7.3,46,111,157,1,1,150,146,149,6,1
0,0,0,0,0,0,64,0.5,37,7.6,76,84,160,5,0,141,140,142,1,1
0,0.002,0.001,0,0,0,61,0.6,17,14.4,84,74,158,10,1,145,144,146,3,1
0,0.001,0,0,0,0,64,0.4,19,6.5,17,137,154,2,0,144,144,145,0,0
0.008,0.003,0,0.001,0,0,35,1.2,0,5.1,119,62,181,6,0,133,138,134,27,0
0.006,0,0,0.002,0,0,33,1.3,0,6.9,96,79,175,4,0,129,135,133,27,0
0.01,0.003,0,0,0,0,34,1.2,0,3.6,119,62,181,6,0,133,139,135,26,0
0.011,0.058,0.001,0,0,0,35,2.4,0,11.4,121,55,176,10,0,167,149,157,72,1
0.016,0.084,0.002,0,0,0,34,2.1,0,3,132,50,182,8,0,159,151,155,25,1
0.014,0.084,0.001,0,0,0,34,2.1,0,5.6,132,50,182,10,0,159,150,155,26,1
0.015,0.017,0.001,0,0,0,31,3.2,0,7.1,133,53,186,10,1,150,144,149,25,1
0.006,0.015,0.004,0,0,0,39,1.2,0,12.8,123,59,182,8,0,129,138,135,25,0
0.008,0.003,0.002,0,0,0,49,0.7,0,4.9,39,153,192,0,0,163,166,166,6,-1
0.006,0.004,0.002,0,0,0,50,0.6,0,5.6,39,153,192,1,0,165,166,166,4,-1
0.009,0.004,0.001,0,0,0,48,0.7,0,5.3,39,153,192,1,0,163,167,166,6,-1
0.006,0.002,0.003,0,0,0,48,0.7,0,7.4,66,123,189,3,2,161,164,164,8,0
0.007,0.001,0.002,0,0,0,45,0.8,0,3.5,47,142,189,2,1,161,166,165,10,0
0.003,0.003,0.003,0,0,0,56,0.6,1,9.2,31,140,171,1,0,161,160,162,2,1
0.009,0.029,0.005,0,0,0,42,1,0,3.7,105,76,181,3,0,133,141,140,15,0
0.002,0.005,0.003,0,0,0,40,1.1,4,12.5,86,66,152,3,0,129,129,131,3,1
0.008,0.027,0.002,0,0,0,41,0.9,0,13.2,47,151,198,4,0,186,178,180,15,0
0.014,0.06,0.003,0,0,0,38,1.3,0,0,62,127,189,8,0,180,171,176,22,1
0.016,0.071,0,0.002,0,0,32,3.1,0,1.6,149,51,200,10,0,167,154,160,55,1
0,0.001,0,0,0,0,60,0.6,22,13.1,96,71,167,3,0,143,144,144,3,1
0,0,0,0,0,0,63,0.5,36,7.5,96,71,167,3,0,143,141,143,1,1
0.001,0.001,0,0,0,0,52,1,18,14.8,102,74,176,8,1,142,141,143,3,1
0,0.001,0,0,0,0,65,0.6,28,14.9,93,72,165,4,0,144,144,146,3,1
0,0,0,0,0,0,65,0.5,24,10.4,111,56,167,4,0,143,144,145,1,1
0.007,0.001,0.001,0,0,0,51,0.8,0,8.7,92,74,166,4,0,159,155,157,5,1
0.003,0.003,0,0,0,0,54,0.6,0,6.6,21,145,166,0,0,157,156,158,1,0
0.001,0,0.001,0,0,0,52,0.8,0,16.2,108,57,165,7,0,146,145,147,4,1
0,0,0.002,0,0,0,53,0.7,0,14.8,84,72,156,4,0,143,145,146,3,1
0,0,0.002,0,0,0,70,0.3,40,5.3,14,139,153,1,0,146,146,147,0,0
0,0,0,0,0,0,63,0.4,23,10.4,31,123,154,4,0,146,144,147,1,1
0,0.002,0.003,0,0,0,58,0.5,15,8.1,23,130,153,1,0,144,143,145,1,0
0,0,0.003,0,0,0,61,0.4,22,6.9,19,133,152,1,0,144,143,145,0,0
0.003,0,0.008,0.003,0,0,35,5,0,29.3,126,50,176,10,1,148,143,148,43,1
0.003,0,0.008,0.004,0,0,38,3.5,0,21.7,127,50,177,5,0,143,141,145,25,1
0.003,0,0.003,0.002,0,0,40,2.9,0,27.3,144,51,195,6,2,133,134,138,27,0
0.005,0,0.005,0.003,0,0,36,2.5,0,8.7,144,51,195,7,2,133,134,134,38,0
0.004,0,0.004,0.004,0,0,35,2.8,0,11.6,144,51,195,8,1,127,133,131,53,0
0,0,0,0.007,0,0,37,1.8,0,3,90,58,148,4,1,127,121,126,21,1
0.001,0,0.01,0.003,0,0,37,2.8,0,16,136,55,191,9,1,129,130,129,37,0
0,0,0.01,0.005,0,0,46,2.1,0,11.6,114,50,164,8,1,129,123,128,17,1
0.007,0,0.005,0.003,0,0,45,2.8,2,10.4,128,51,179,9,1,133,132,135,24,0
0.008,0,0.008,0.006,0,0,42,2.4,0,4.5,149,50,199,12,2,133,130,133,24,0
0.001,0,0.007,0.006,0,0,39,2.7,0,18.9,128,51,179,6,0,133,125,130,24,0
0.009,0,0.007,0.002,0,0,37,4.1,0,26.3,147,52,199,7,1,133,147,140,100,0
0,0,0.008,0.007,0,0,38,2.6,0,14.8,128,51,179,5,1,133,124,129,25,0
0.004,0.001,0,0.001,0,0,69,0.8,0,17.2,126,54,180,5,0,140,139,141,7,1
0.003,0.008,0.004,0,0,0,41,1.1,0,9.2,71,105,176,6,0,123,131,127,30,-1
0,0,0.003,0,0,0,45,0.8,0,11.2,27,109,136,2,0,123,124,126,2,0
0.003,0,0.003,0,0,0,37,1.1,0,9.6,25,112,137,1,0,127,127,129,2,0
0.003,0.003,0.003,0,0,0,40,1,0,8.7,64,112,176,4,0,123,132,128,31,-1
0,0.006,0.003,0.002,0,0,45,0.9,0,9.9,39,102,141,3,0,115,114,116,1,0
0.003,0.02,0.004,0,0,0,36,1.5,0,13.5,112,62,174,6,0,119,129,125,42,0
0.008,0.018,0.008,0,0,0,35,1.6,0,2.1,96,78,174,7,0,161,141,138,75,0
0,0.002,0.005,0,0,0,82,0.4,5,8.4,18,142,160,0,0,150,151,151,0,0
0,0.004,0.005,0,0,0,78,0.5,4,10,32,140,172,1,0,150,150,151,1,-1
0,0.004,0.004,0,0,0,75,0.6,0,10.7,32,140,172,1,0,150,150,151,0,-1
0.002,0.01,0.002,0,0,0,76,0.6,0,11.8,54,126,180,2,0,156,153,155,5,0
0.01,0.007,0.001,0.001,0,0,71,0.8,0,2.7,94,82,176,3,0,156,154,155,6,1
0.005,0.014,0.003,0,0,0,67,0.8,0,10.9,72,120,192,1,0,156,157,157,11,0
0.009,0.003,0.001,0,0,0,41,1.9,0,27.3,130,50,180,7,0,154,152,155,18,1
0.015,0.025,0.002,0,0,0,41,1,0,1.4,113,73,186,3,0,157,162,164,13,1
0.013,0.013,0.004,0,0,0,45,1.2,0,4.5,134,51,185,5,0,156,158,158,14,1
0,0.002,0.002,0,0,0,43,0.8,3,9.4,27,137,164,2,0,146,145,146,1,-1
0.008,0.017,0.004,0,0,0,36,3.1,0,27.6,105,54,159,4,0,143,137,142,28,1
0.007,0.021,0.003,0,0,0,45,2.8,0,29,114,52,166,2,0,134,135,137,24,1
0.009,0.025,0.004,0,0,0,46,2.5,0,28,114,52,166,2,0,134,138,139,23,1
0.011,0,0,0.002,0,0,37,2.4,0,17,115,52,167,10,0,141,140,143,33,1
0,0,0.003,0,0,0,50,0.7,26,6,20,116,136,0,0,125,123,125,1,0
0.013,0.006,0.003,0.003,0,0,47,2.7,0,0,110,60,170,5,0,150,147,153,31,1
0.017,0.002,0.004,0,0,0,48,2.2,0,0,120,50,170,5,0,160,150,155,28,1
0.003,0.007,0,0.001,0,0,50,1.1,3,12.2,126,74,200,8,0,148,147,149,4,0
0,0.001,0,0,0,0,57,0.6,5,10.4,98,74,172,2,0,150,148,150,1,1
0.007,0.018,0,0,0,0,44,1.3,0,11.4,101,80,181,6,0,146,147,148,5,0
0.004,0.013,0,0,0,0,45,1,0,12.8,115,71,186,7,0,144,144,145,6,0
0.008,0.007,0,0,0,0,40,2.3,0,19.4,139,51,190,5,5,144,142,145,17,1
0,0.001,0,0,0,0,70,0.3,66,5.9,30,101,131,1,0,123,123,124,1,1
0,0,0,0,0,0,70,0.3,70,4.4,19,110,129,2,0,123,124,125,1,1
0.001,0,0.005,0,0,0,22,1.4,11,7.2,32,120,152,2,0,133,132,134,1,0
0.001,0,0.004,0,0,0,24,1.2,12,7.6,35,120,155,1,0,134,133,135,1,0
0.002,0,0.005,0,0,0,21,1.4,11,7.3,33,119,152,1,0,133,131,133,2,0
0,0,0.006,0.014,0,0.003,23,6.3,0,0,144,52,196,10,2,90,98,91,95,-1
0,0.003,0.003,0,0,0.002,60,1,8,7.5,118,69,187,10,1,142,130,140,61,0
0,0,0.005,0,0,0,65,0.4,14,7,20,129,149,3,0,141,140,142,1,0
0,0,0.006,0.002,0,0.002,58,1.1,15,6.9,132,60,192,8,2,141,132,141,47,0
0.001,0,0.001,0.003,0,0,54,0.9,7,9.5,124,60,184,12,2,150,139,147,49,1
0,0,0,0.003,0,0,47,0.8,0,9.7,54,103,157,6,1,154,144,147,15,1
0.002,0,0.002,0,0,0,62,0.5,14,7.8,34,125,159,1,0,150,146,149,2,1
0.012,0.002,0.002,0,0,0,57,1.3,0,3.4,138,50,188,5,0,176,163,167,35,1
0.01,0,0,0,0,0,59,1.1,0,0,62,120,182,1,0,176,163,169,30,1
0.013,0,0,0,0,0,56,1.4,0,0,138,50,188,3,0,176,163,167,35,1
0.01,0,0,0,0,0,58,1.2,0,4.2,126,62,188,4,0,176,164,169,27,1
0.001,0.001,0.003,0,0,0,54,0.6,0,11,52,120,172,3,0,148,145,147,2,0
0,0.306,0.004,0.004,0,0.004,35,2.7,0,0,145,54,199,9,2,75,90,78,104,-1
0,0.298,0.002,0.002,0,0.004,37,2.3,0,0,111,54,165,5,1,75,87,77,86,-1
0.007,0.235,0.007,0.002,0,0,28,1.6,0,9.7,87,71,158,2,0,141,137,141,11,1
0.004,0.408,0.004,0.003,0,0.001,21,2.3,0,15.7,107,67,174,7,0,143,125,135,76,0
0.007,0.455,0.003,0.003,0,0,25,1.7,0,13.3,106,68,174,7,1,143,132,138,41,0
0.008,0.443,0.005,0.005,0,0,24,2.1,0,13.4,125,53,178,6,0,143,128,138,69,1
0.004,0.47,0.005,0.003,0,0.001,29,1.7,0,9.5,118,59,177,7,1,133,129,133,27,0
0.007,0.481,0.005,0.002,0,0,32,1.6,0,8.4,90,68,158,4,0,133,133,135,18,1
0.001,0.369,0.003,0.003,0,0.002,29,2,0,8.1,111,54,165,14,0,129,112,128,103,1
0,0.335,0.003,0.003,0,0.002,34,2.2,0,3.8,128,54,182,10,1,75,99,102,148,-1
0.001,0.43,0.004,0.005,0,0.001,25,1.9,0,8.3,141,57,198,16,0,129,125,131,35,0
0,0.375,0,0,0,0.004,80,0.3,0,7.6,49,96,145,3,0,108,125,128,45,1
0,0,0.007,0,0,0,60,0.7,58,9.9,128,72,200,8,1,133,132,134,2,0
0.001,0,0.008,0,0,0,54,0.6,6,8.7,30,116,146,2,0,133,133,134,1,0
0,0,0.007,0,0,0,55,0.5,11,7.6,20,124,144,1,0,133,132,134,0,0
0,0,0.005,0,0,0,56,0.5,29,7.5,26,116,142,2,0,129,128,130,1,0
0.003,0.005,0.004,0.002,0,0,41,2.1,0,25.8,120,50,170,8,1,129,129,132,19,1
0.006,0.006,0.006,0,0,0,55,0.6,16,8.3,42,115,157,2,0,133,138,139,7,0
0.008,0.005,0.006,0,0,0,52,0.6,0,8.2,42,115,157,2,0,142,141,142,3,0
0,0,0.005,0,0,0,64,0.4,38,6.3,22,121,143,2,0,133,132,133,0,0
0.002,0.007,0.005,0,0,0,51,0.7,0,12.3,41,115,156,2,1,136,137,139,2,0
0,0.01,0.005,0,0,0,64,0.4,54,5.3,23,118,141,1,0,131,130,132,0,0
0,0.007,0.004,0,0,0,65,0.4,73,3.9,7,127,134,1,0,131,130,132,0,0
0.008,0.03,0.005,0,0,0,45,0.8,0,8.7,44,116,160,2,0,153,142,147,27,1
0.002,0.012,0.005,0,0,0,51,0.6,3,7.5,38,116,154,3,0,123,125,125,5,-1
0.009,0.035,0.003,0,0,0,44,1,0,5.2,113,75,188,6,0,150,141,146,18,0
0.01,0.04,0.004,0,0,0,40,1.4,0,7.5,73,115,188,10,1,150,145,150,12,0
0.008,0,0.003,0,0,0,39,1.5,0,16,95,51,146,6,1,129,128,130,9,1
0.005,0,0.002,0,0,0,41,2.2,4,25.2,107,58,165,4,1,121,124,126,16,0
0.004,0.005,0.003,0,0,0,54,0.7,5,7.3,101,65,166,2,0,147,145,147,5,1
0,0,0.003,0.014,0,0,14,4.5,0,0,125,53,178,14,3,97,115,115,85,0
0.001,0,0.005,0.012,0,0,23,3.6,0,1.9,144,50,194,12,1,143,127,135,72,0
0,0.003,0,0,0,0,79,0.2,42,5.5,17,128,145,2,0,135,135,136,1,0
0,0.002,0,0,0,0,59,0.4,37,6.6,21,125,146,2,0,129,132,132,2,-1
0,0.003,0,0,0,0,47,1.1,6,21.9,91,52,143,3,0,131,130,132,7,1
0,0,0,0,0,0,66,0.4,2,9.1,20,122,142,0,0,132,132,133,1,0
0.003,0.005,0,0,0,0,61,0.4,7,6.7,67,111,178,4,0,143,138,140,7,0
0,0.002,0,0,0,0,67,0.4,44,9.2,78,70,148,2,0,143,141,143,1,1
0,0.003,0,0,0,0,76,0.2,62,4.3,12,134,146,1,0,142,140,142,0,0
0,0,0,0,0,0,68,0.3,72,3.9,10,133,143,1,0,137,136,138,0,0
0,0.003,0,0.003,0,0,74,0.4,42,2.5,60,105,165,6,0,131,128,131,3,0
0,0.002,0,0.002,0,0,75,0.3,66,2.1,60,105,165,6,0,130,129,131,1,0
0,0.003,0.001,0,0,0,75,0.2,34,6.9,24,127,151,2,0,138,139,140,1,0
0,0.004,0.001,0,0,0,75,0.2,32,7,24,127,151,2,0,138,139,140,1,0
0,0.005,0,0,0,0,73,0.3,38,7.1,22,122,144,1,0,129,130,131,1,0
0,0.002,0,0,0,0,78,0.2,32,6.8,17,127,144,2,0,133,135,135,2,0
0,0.012,0,0,0,0,69,0.4,25,10,58,127,185,5,0,133,136,137,4,-1
0.001,0.013,0,0,0,0,53,0.7,8,12,77,56,133,6,0,123,121,123,3,1
0,0.011,0,0,0,0,51,0.8,9,13.3,77,56,133,5,0,123,122,124,2,1
0.003,0.003,0,0,0,0,52,0.8,2,15.4,90,50,140,7,0,129,128,130,4,1
0.004,0.007,0,0,0,0,56,0.7,0,7.4,71,81,152,4,0,127,129,131,4,1
0.003,0.004,0,0,0,0,50,0.9,4,14.8,82,58,140,7,0,129,128,130,5,1
0.003,0.004,0,0,0,0,50,0.9,4,14.8,82,58,140,7,0,129,128,130,5,1
0,0,0.004,0,0,0,64,0.4,31,7.2,19,137,156,2,0,150,147,150,1,0
0,0,0.003,0,0,0,65,0.4,39,7,19,137,156,1,0,150,149,151,1,1
0,0,0.005,0,0,0,65,0.4,44,6.6,22,134,156,3,0,152,150,152,1,1
0,0,0.005,0,0,0,69,0.3,55,4.6,11,145,156,0,0,152,150,152,0,0
0,0,0.006,0,0,0,65,0.4,33,7.4,30,134,164,1,0,150,149,151,1,0
0,0,0.005,0.008,0,0,27,1.9,15,6.4,81,86,167,5,0,151,140,145,31,1
0.001,0,0.005,0.005,0,0,28,1.7,9,12.3,80,86,166,3,0,151,142,146,22,1
0,0,0.001,0,0,0,50,0.6,31,9.1,43,120,163,3,0,160,155,157,5,1
0.001,0,0.003,0.002,0,0,42,1,35,7.5,88,84,172,2,1,157,151,156,17,1
0,0,0.002,0,0,0,61,0.4,53,6.8,45,118,163,5,0,157,154,157,2,1
0.003,0,0.003,0.003,0,0,37,1.3,31,7.2,79,93,172,2,2,162,152,156,23,1
0.003,0,0.004,0.002,0,0,38,1.2,33,6.9,78,94,172,2,3,162,154,158,19,1
0,0,0.004,0.004,0,0,28,1.4,15,6.7,83,80,163,4,0,148,145,151,24,1
0.002,0,0.004,0.004,0,0,28,1.4,16,6.7,85,80,165,5,0,148,146,151,25,1
0,0,0.002,0,0,0,60,0.4,57,8,36,128,164,2,0,160,157,160,2,1
0,0,0.002,0,0,0,59,0.5,50,9.1,36,128,164,2,0,160,157,160,2,1
0,0,0.003,0,0,0,61,0.4,64,6.1,34,129,163,3,1,160,157,160,1,1
0,0,0.002,0,0,0,60,0.4,59,7.1,34,129,163,3,1,160,157,160,1,1
0,0,0.005,0,0,0,62,0.4,59,5.6,25,136,161,0,0,159,156,158,1,1
0,0,0.005,0.001,0,0,58,0.5,48,7.1,53,110,163,4,3,159,154,157,4,1
0,0,0.004,0,0,0,59,0.5,62,9.5,38,126,164,3,1,160,157,159,2,1
0.007,0,0.003,0.005,0,0,23,2.4,0,4.6,101,70,171,7,1,155,140,144,46,1
0,0,0.005,0,0,0,45,0.7,56,6.5,39,113,152,3,0,141,139,141,1,1
0,0,0.005,0,0,0,45,0.7,62,6.7,39,113,152,3,0,141,139,141,1,1
0,0,0.004,0,0,0,46,0.7,53,7.8,39,113,152,4,0,141,138,141,2,1
0,0,0.003,0,0,0,42,0.8,44,7.8,39,113,152,3,0,141,139,142,1,1
0,0,0.004,0,0,0,42,0.7,48,7.2,39,113,152,2,0,141,139,142,1,1
0.002,0,0.004,0,0,0,41,0.8,8,10.3,51,105,156,4,0,142,142,143,2,1
0.001,0,0.004,0,0,0,43,0.7,9,8.3,25,131,156,0,0,142,142,144,1,0
0,0,0.002,0,0,0,44,0.7,58,5,16,129,145,1,0,141,140,142,0,1
0,0,0.004,0,0,0,45,0.7,21,8.9,25,132,157,1,0,145,144,146,1,0
0,0,0.004,0,0,0,43,0.8,3,9.6,25,132,157,1,0,145,144,146,1,0
0,0,0.005,0,0,0,41,0.8,0,12.6,32,126,158,0,0,151,146,148,5,1
0.003,0,0.004,0,0,0,46,0.7,27,5.9,26,133,159,1,0,150,148,150,1,0
0.003,0,0.004,0,0,0,36,1,13,12,95,71,166,5,0,145,145,146,2,1
0.002,0,0.003,0,0,0,38,0.9,0,11.4,32,127,159,1,0,151,146,149,5,0
0.001,0,0.006,0,0,0,43,0.7,37,7.2,28,130,158,3,0,147,146,148,0,0
0.002,0,0.007,0,0,0,44,0.7,42,7.3,39,119,158,4,0,147,146,148,1,1
0.008,0,0.007,0,0,0,42,0.7,20,4.3,38,120,158,2,1,141,143,144,3,0
0.005,0,0.004,0,0,0,42,0.7,18,4.5,38,120,158,2,0,141,142,143,2,0
0.004,0,0.005,0,0,0,42,0.7,22,4.5,37,120,157,3,0,141,141,142,1,0
0.003,0,0.005,0,0,0,44,0.7,18,4.1,24,133,157,1,0,140,141,142,1,0
0.002,0,0.005,0,0,0,44,0.7,14,7.1,27,126,153,2,0,142,140,142,1,0
0.001,0,0.006,0,0,0,41,0.8,6,9.5,34,119,153,3,0,142,140,142,2,0
0.001,0,0.005,0,0,0,37,0.9,0,12.1,36,118,154,2,0,138,139,141,2,0
0.001,0,0.005,0,0,0,36,0.9,2,10.4,29,124,153,2,0,139,139,140,1,0
0.001,0,0.004,0,0,0,39,0.8,28,6.6,33,124,157,4,0,141,139,141,1,0
0,0,0.002,0,0,0,44,0.7,47,5.3,12,135,147,1,0,141,140,142,0,0
0.002,0,0.006,0,0,0,45,0.6,48,4.3,19,135,154,2,0,141,141,142,0,-1
0,0,0.005,0,0,0,51,0.5,25,6.2,15,135,150,1,0,144,143,144,0,0
0.001,0,0.003,0,0,0,46,0.6,43,4.7,18,136,154,1,0,141,141,142,0,-1
0.002,0,0.004,0,0,0,43,0.7,39,5.2,23,131,154,3,0,141,140,142,0,0
0,0,0.006,0,0,0,37,0.9,3,11.5,27,134,161,0,0,148,148,149,1,0
0.001,0,0.006,0,0,0,35,0.9,2,10.8,36,125,161,0,0,150,148,150,2,1
0.001,0,0.005,0,0,0,30,1.1,0,13.5,43,122,165,0,0,148,147,149,3,0
0.003,0,0.005,0,0,0,29,1.4,0,18.1,58,117,175,3,0,150,149,150,9,0
0,0,0.007,0.003,0,0,22,1.8,0,21.3,76,96,172,3,2,148,144,147,11,1
0,0,0.008,0.001,0,0,28,1.5,11,22.3,82,92,174,6,1,150,147,150,8,1
0,0,0.007,0.002,0,0,30,1.3,4,17.6,75,93,168,5,0,147,145,148,6,1
0,0,0.007,0.005,0,0,30,1.1,0,4.7,59,99,158,3,0,147,143,147,5,1
0.004,0,0.005,0.003,0,0,29,1.2,1,7,62,107,169,2,2,150,147,149,7,0
0.005,0,0.005,0.003,0,0,29,1.3,2,7.5,70,99,169,2,1,150,148,150,7,1
0.006,0,0.008,0,0,0,27,1.3,0,9.4,62,126,188,4,0,157,156,157,5,0
0.002,0,0,0.008,0,0,19,3.4,0,15,150,50,200,8,1,148,139,146,36,0
0.003,0,0.002,0.005,0,0,25,2.5,0,11.2,92,80,172,8,1,155,145,152,32,1
0.005,0,0.005,0.001,0,0,27,1.5,0,14.4,55,119,174,5,0,155,152,155,8,0
0,0,0.001,0,0,0,40,0.7,12,8,23,106,129,1,0,125,121,124,3,1
0.004,0,0.002,0,0,0.002,27,1.6,0,3.2,60,87,147,1,1,123,118,123,18,0
0,0,0.004,0,0,0,39,0.8,10,8.4,23,106,129,1,0,123,119,121,2,0
0,0,0.005,0,0,0,37,0.8,11,10,26,109,135,2,0,123,125,126,2,0
0,0,0.007,0.003,0,0,31,1,7,9.5,32,101,133,2,0,123,122,124,3,1
0.002,0,0.002,0,0,0.001,31,1.2,1,8.3,60,87,147,2,1,120,119,123,9,0
0.004,0,0.002,0,0,0,31,1.3,0,8.8,52,95,147,2,1,120,123,124,5,0
0.005,0,0.004,0.003,0,0,31,1.2,0,6.7,57,93,150,2,0,133,130,134,12,1
0,0,0.006,0.002,0,0,27,1.4,4,12.3,53,91,144,4,0,126,120,122,6,0
0.002,0,0.005,0.003,0,0,26,1.5,0,7.7,68,89,157,2,0,125,122,124,11,0
0.001,0,0.005,0.003,0,0,28,1.4,0,8.5,52,89,141,3,0,125,120,123,9,0
0.005,0,0.004,0.003,0,0,32,1.2,0,6.5,57,93,150,2,0,133,130,134,12,1
0,0,0.007,0.003,0,0,30,1.3,0,11.6,51,89,140,1,0,127,121,125,8,1
0,0,0.008,0,0,0,34,0.9,0,12.1,30,108,138,1,0,127,125,128,2,0
0.003,0,0.005,0.001,0,0,30,1.2,0,10.8,52,95,147,3,1,136,131,134,7,1
0,0,0.008,0,0,0,33,1,0,13.7,32,109,141,1,0,131,131,133,2,1
0,0,0.002,0,0,0,66,0.4,61,5.6,24,127,151,1,0,142,140,142,0,0
0.001,0,0.005,0,0,0,61,0.5,48,8,31,124,155,9,0,142,140,141,2,0
0.003,0,0.005,0,0,0,54,0.7,15,10.5,43,118,161,7,0,136,141,141,8,0
0.001,0,0.002,0.005,0,0.002,24,2.3,0,0,116,51,167,6,2,126,115,122,57,0
0.004,0,0,0.003,0,0,46,1,16,3.9,116,51,167,6,3,151,144,151,30,1
0,0,0.005,0.004,0,0,32,1.3,4,14.6,82,76,158,4,0,147,141,144,12,1
0.003,0,0.007,0.003,0,0,30,1.4,0,17.2,83,76,159,4,1,144,142,145,10,1
0.006,0,0.001,0,0,0,45,0.8,1,11.1,47,113,160,4,2,150,148,151,4,1
0.003,0,0.004,0,0,0,34,1.1,0,19.6,67,94,161,5,1,151,146,149,8,1
0.01,0,0.006,0.003,0,0,35,1.2,0,7.6,94,65,159,5,0,144,140,144,19,1
0.005,0,0.003,0.004,0,0,37,1.2,0,8.6,94,64,158,2,0,139,137,141,21,1
0,0,0.007,0.004,0,0,35,1.1,0,11.5,86,69,155,3,0,136,133,137,14,1
0,0,0.008,0.005,0,0,32,1.3,0,17.5,102,61,163,7,0,136,133,137,17,1
0,0,0.008,0.007,0,0,32,1.3,0,12.9,92,71,163,4,0,133,133,137,19,1
0,0,0.008,0.008,0,0,33,1.3,0,8,81,73,154,4,1,133,132,135,17,1
0,0,0.008,0.008,0,0,20,2.6,0,22.5,98,63,161,7,0,136,126,135,54,1
0,0,0.007,0.003,0,0,35,1.3,4,27,90,67,157,7,0,139,135,139,16,1
0.001,0,0.002,0.008,0,0,33,1.4,3,12.8,87,65,152,6,0,136,130,137,26,1
0,0,0.001,0.008,0,0,37,1.3,4,14.6,81,71,152,4,0,136,130,136,24,1
0.005,0,0.005,0.004,0,0,27,1.8,0,17.8,92,61,153,5,1,142,134,140,29,1
0.005,0,0.003,0.002,0,0,27,1.7,0,20.4,89,64,153,9,2,142,135,140,21,1
0,0,0.008,0,0,0,41,1,5,28.9,73,84,157,8,2,140,136,140,8,1
0,0,0.006,0.009,0,0,29,2.1,4,3.6,108,59,167,7,1,135,120,132,72,1
0,0,0.008,0.009,0,0,25,2.4,3,3.9,108,59,167,7,1,136,120,134,82,1
0,0,0.005,0.008,0,0,32,1.8,6,2.3,97,59,156,3,1,135,120,133,70,1
0,0,0.005,0.007,0,0,32,2.2,12,6.1,108,59,167,6,1,143,125,137,91,1
0.002,0,0.005,0.005,0,0,42,1,11,4.6,102,51,153,6,0,143,134,141,34,1
0,0,0.007,0.005,0,0,40,1.1,13,4.9,100,51,151,7,0,143,132,139,43,1
0.006,0,0.003,0.005,0,0.002,35,1.7,0,0,126,52,178,6,1,143,128,142,92,1
0.006,0,0.005,0.006,0,0,38,1.3,0,2.9,95,58,153,5,0,143,131,142,64,1
0.007,0,0.007,0.005,0,0,42,0.9,0,3.2,79,74,153,2,0,142,136,142,24,1
0,0,0.004,0,0,0,29,1,0,13,31,117,148,0,0,129,133,134,5,0
0,0,0.005,0,0,0,29,1,0,12.9,31,115,146,0,0,129,131,132,3,0
0.001,0,0.003,0,0,0,29,1,0,12.4,27,122,149,0,0,136,136,138,2,0
0.008,0,0.006,0,0,0,25,1.3,0,6.8,42,117,159,1,0,136,138,139,5,0
0.008,0,0.008,0,0,0,24,1.3,0,7.3,42,117,159,2,0,136,138,139,5,0
0.011,0,0.005,0,0,0,23,1.5,0,6.6,52,124,176,3,0,148,148,149,7,0
0.009,0,0.003,0,0,0,25,1.4,0,6.5,91,87,178,6,0,136,144,144,17,0
0.01,0,0.002,0,0,0,25,1.3,0,6.8,82,87,169,5,0,136,141,141,9,0
0.004,0,0.001,0,0,0,27,1.2,1,7.9,60,98,158,3,0,133,133,134,4,0
0.009,0,0.004,0,0,0,24,1.5,0,13.4,45,114,159,1,0,133,138,138,9,0
0.014,0,0.008,0,0,0,23,1.5,0,0.5,53,109,162,5,0,144,143,145,8,0
0.015,0,0.006,0,0,0,22,1.6,0,0.5,58,108,166,4,0,141,143,144,9,0
0.011,0,0.008,0,0,0,21,1.5,0,4.5,54,108,162,4,0,144,142,144,8,1
0.003,0,0.001,0.004,0,0,15,2.7,0,19.6,129,51,180,6,1,122,122,123,43,0
0.004,0,0.001,0.006,0,0,13,3,0,21.1,129,51,180,6,1,122,122,123,54,0
0.002,0,0,0.007,0,0,12,3.6,0,25.3,129,51,180,7,1,122,119,122,79,0
0.004,0,0.005,0,0,0,33,1.1,0,12.8,40,131,171,1,0,144,144,145,3,-1
0.004,0,0.005,0,0,0,34,1.1,0,14.1,36,129,165,2,0,144,143,144,2,0
0.007,0,0.003,0,0,0,41,0.8,0,8.2,42,131,173,2,0,144,144,145,3,-1
0.008,0,0.004,0,0,0,34,1,0,8.1,42,131,173,4,0,144,145,146,3,-1
0.002,0,0.005,0,0,0,35,1,0,11.6,28,131,159,0,0,144,143,145,1,0
0.003,0,0.007,0,0,0,29,1.3,0,10.4,37,123,160,3,0,138,139,140,3,0
0.002,0,0.006,0,0,0,26,1.3,0,10.1,37,123,160,1,1,137,138,139,2,0
0.007,0,0.008,0.005,0,0,23,1.8,0,8.8,112,60,172,6,2,139,137,140,20,1
0.006,0,0.006,0.005,0,0,27,1.5,0,5.8,96,69,165,5,2,143,139,142,17,1
0.003,0,0.003,0.005,0,0,23,1.6,0,9.1,67,90,157,3,0,133,133,135,10,1
0.014,0,0.005,0,0,0,23,2.4,0,5.9,52,117,169,2,0,143,145,146,7,0
0.013,0,0.005,0,0,0,22,2.3,0,7.2,64,114,178,3,1,145,144,145,6,0
0,0,0.004,0.002,0,0,32,1,15,6,33,97,130,1,0,123,121,124,2,1
0.001,0,0.004,0.001,0,0,35,0.9,20,6.9,43,101,144,4,0,126,125,127,2,0
0.001,0,0.004,0,0,0,38,0.8,25,6.2,28,116,144,1,0,131,129,131,1,0
0,0,0.005,0,0,0,38,0.8,18,6.7,25,118,143,1,0,131,129,131,0,0
0.001,0,0.003,0,0,0,37,0.8,12,8.7,42,103,145,2,0,131,129,132,1,1
0,0,0.004,0,0,0,38,0.8,11,9,35,103,138,2,0,131,129,131,1,1
0,0,0.004,0,0,0,37,0.8,15,8,34,103,137,1,0,131,129,131,1,1
0.001,0,0.003,0,0,0,38,0.8,12,8.8,42,103,145,2,0,131,129,132,1,1
0,0,0.004,0,0,0,38,0.8,11,9.5,35,103,138,2,0,131,129,131,1,1
0.003,0,0.004,0,0,0,37,0.8,5,6.7,30,115,145,2,0,131,130,132,1,0
0.004,0,0.007,0,0,0,33,0.9,2,6.6,48,116,164,2,0,127,131,131,6,-1
0.01,0,0.007,0.001,0,0,30,1.4,0,6.7,119,63,182,9,0,134,138,137,18,0
0.005,0,0.009,0,0,0,32,1.1,0,7,57,114,171,2,0,127,137,135,23,-1
0.008,0,0.007,0.003,0,0,22,2.1,0,22.7,119,63,182,6,0,131,133,135,32,0
0,0,0.008,0.008,0,0,18,2.5,0,19.1,83,76,159,5,0,120,118,121,20,0
0,0,0.007,0.012,0,0,17,2.8,0,3.7,81,76,157,5,0,114,113,116,16,0
0.003,0,0.008,0,0,0,33,1,0,7.6,32,114,146,0,0,129,130,132,3,0
0,0,0.005,0.005,0,0,19,2.3,0,25.1,78,81,159,2,0,131,123,125,23,0
0.01,0,0.007,0,0,0,32,1.4,0,6.3,83,96,179,5,0,163,149,149,37,0
0.014,0,0.004,0.001,0,0,28,1.6,0,0,89,91,180,7,1,163,152,158,34,1
0.01,0,0.006,0,0,0,33,1.2,0,4.4,82,97,179,7,0,163,156,161,19,1
0.007,0,0.006,0.006,0,0,17,2.4,0,2.1,98,82,180,4,0,126,137,138,61,0
0.008,0,0.004,0.006,0,0,16,2.6,0,0,98,82,180,5,0,131,138,136,54,0
0,0,0.007,0.003,0,0,31,1.4,16,13,82,82,164,5,0,147,135,140,31,1
0.006,0,0.006,0.003,0,0,36,1.2,12,5.8,79,88,167,2,0,147,140,145,16,1
0.007,0,0.007,0.002,0,0,31,1.4,0,8,79,88,167,2,0,144,140,144,14,1
0.002,0,0,0.011,0,0,20,2,0,0,74,86,160,1,0,126,128,130,23,0
0.003,0,0.007,0.005,0,0,25,1.9,11,9.8,96,82,178,5,0,147,135,138,43,0
0.003,0,0.006,0.008,0,0,14,3,0,0,98,82,180,3,0,126,129,129,46,0
0.002,0,0.006,0.003,0,0,36,1.3,9,9.8,79,92,171,6,0,145,143,146,10,1
0.001,0,0.007,0.004,0,0,28,1.7,2,11.7,86,85,171,9,0,144,141,144,15,1
0.002,0,0.007,0.005,0,0,25,1.8,1,12.6,86,85,171,9,0,145,141,145,17,1
0.002,0,0.003,0,0,0,21,1.8,0,16.3,44,108,152,1,0,125,127,127,5,0
0.001,0,0.004,0,0,0,21,1.7,0,16.1,48,104,152,2,0,125,126,126,4,0
0,0,0.004,0,0,0,23,1.6,1,16.9,41,111,152,2,0,125,127,127,4,0
0.006,0,0.003,0,0,0,20,2,0,9.9,43,108,151,0,0,131,129,130,4,0
0.001,0,0.002,0,0,0,27,1.3,0,9.3,27,113,140,1,0,125,125,126,1,0
0.002,0,0.008,0,0,0,26,1.4,1,8.2,36,114,150,2,0,122,126,126,6,-1
0,0,0.004,0,0,0,23,1.5,1,9.2,28,113,141,1,0,122,124,124,2,0
0.017,0,0.002,0,0,0,24,2.2,0,1.7,52,100,152,1,0,136,133,135,5,0
0,0,0.003,0,0,0,22,1.8,2,15.7,36,104,140,2,0,126,125,127,2,0
0,0,0.004,0,0,0,22,1.8,0,15.7,34,106,140,2,1,126,125,127,2,0
0.004,0,0.003,0,0,0,21,1.7,0,14.9,55,104,159,1,1,126,127,128,6,0
0.003,0,0.002,0.001,0,0,19,2,0,17.7,46,102,148,3,0,125,124,126,6,0
0.002,0,0,0.002,0,0,17,2,0,18.8,46,102,148,2,0,119,123,123,8,0
0,0,0,0.001,0,0,20,1.8,0,13.8,39,103,142,1,0,120,119,121,3,0
0,0,0,0,0,0,19,1.9,0,15.1,39,103,142,1,0,120,120,122,3,0
0,0,0,0,0,0,19,1.9,0,15.1,39,103,142,1,0,120,120,122,3,0
0,0,0,0,0,0,19,1.9,0,15.1,39,103,142,1,0,120,120,122,3,0
0,0,0.001,0.001,0,0,25,1.4,3,9.3,31,105,136,1,0,126,122,124,5,0
0.001,0,0.006,0.001,0,0,21,1.7,0,14.3,37,105,142,1,0,125,123,125,3,0
0.001,0,0.006,0,0,0,22,1.7,0,13.9,37,105,142,0,0,125,124,126,3,0
0,0,0.001,0,0,0,25,1.3,4,9.5,30,106,136,1,0,125,122,124,3,0
0.001,0,0.005,0.001,0,0,21,1.7,0,14,37,105,142,1,0,125,123,125,3,0
0.004,0,0.005,0,0,0,25,1.4,0,8,44,104,148,4,0,126,125,127,3,0
0.004,0,0.002,0,0,0,25,1.5,0,8.3,44,104,148,5,0,126,125,126,4,0
0.002,0,0.003,0,0,0,27,1.3,0,8.1,39,104,143,3,0,126,124,126,2,0
0,0,0,0,0,0,29,1.2,0,8.5,26,107,133,1,0,126,124,126,1,1
0.003,0,0.008,0.008,0,0,18,3,0,16.2,98,60,158,7,0,127,120,124,28,0
0.002,0,0.009,0.009,0,0,16,3.5,0,23.1,98,60,158,5,0,107,115,115,34,0
0,0,0.011,0.011,0,0,13,3.8,0,23.6,98,60,158,6,1,127,113,115,41,0
0,0,0.006,0.002,0,0,27,1.1,0,10.7,35,101,136,1,0,125,122,124,3,0
0,0,0.006,0.004,0,0,30,1.1,0,7.6,39,93,132,2,0,126,122,125,4,1
0,0,0.004,0,0,0,25,1.2,0,11,31,105,136,0,0,125,122,124,2,0
0,0,0.005,0.005,0,0,26,1.3,0,9.8,47,85,132,3,2,126,119,123,10,1
0,0,0.006,0.009,0,0,18,1.9,0,8.8,44,91,135,4,0,126,117,121,19,1
0,0,0,0.006,0,0,21,1.9,0,9.5,57,82,139,4,0,133,119,124,38,1
0.007,0,0,0.002,0,0,26,1.4,0,5.6,61,85,146,5,0,140,129,134,28,1
0.008,0,0,0.002,0,0,24,1.6,0,8.4,78,79,157,3,0,136,127,131,21,1
0.003,0,0,0.009,0,0,18,2.4,0,4.9,74,69,143,1,1,131,117,120,40,1
0,0,0.003,0.014,0,0,13,3,0,0.4,96,56,152,3,2,109,110,112,20,0
0,0,0.002,0.015,0,0,13,3,0,0.7,83,69,152,3,0,110,110,113,16,0
0.01,0,0,0.002,0,0,25,1.6,0,9.1,72,85,157,6,2,136,129,133,15,1
0.009,0,0.007,0.002,0,0.001,22,1.7,0,0,129,52,181,8,0,140,136,142,63,1
0.01,0,0.009,0.001,0,0,24,1.5,0,0,72,109,181,4,0,153,150,154,16,0
0.011,0,0.011,0,0,0,23,1.7,0,6.9,84,110,194,6,0,160,158,161,23,0
0.011,0,0.015,0,0,0,26,1.5,0,3,61,109,170,2,1,155,151,154,11,1
0.009,0,0.005,0,0,0,24,1.5,0,9.4,33,122,155,1,1,136,137,138,3,0
0.009,0,0.008,0,0,0,23,1.5,0,10.3,33,122,155,2,0,136,137,139,3,0
0,0,0.01,0,0,0,21,1.5,0,10.4,23,114,137,1,0,129,128,130,1,0
0.004,0,0.003,0,0,0,28,1.2,0,10.3,43,118,161,3,1,131,134,133,9,-1
0.003,0,0.004,0,0,0,25,1.3,0,11.9,56,101,157,2,0,126,131,130,9,0
0.004,0,0.006,0,0,0,29,1.3,0,9.2,65,103,168,2,0,127,134,133,18,0
0.006,0,0.005,0,0,0,27,1.3,0,5.6,58,103,161,2,0,133,135,135,10,0
0.006,0,0.006,0,0,0,25,1.4,0,6.3,48,107,155,2,0,133,135,135,9,0
0.006,0,0.01,0,0,0,27,1.3,0,6.3,43,113,156,3,0,129,134,134,10,0
0.007,0,0.007,0,0,0,30,1.2,0,4.3,49,107,156,3,0,127,134,134,11,0
0,0,0.009,0,0,0,49,0.9,4,15.2,39,95,134,5,0,122,120,122,3,1
0,0,0.012,0,0,0,51,0.7,4,11.4,26,103,129,1,0,122,119,121,2,1
0,0,0.012,0,0,0,53,0.7,2,10.4,20,107,127,2,0,122,119,121,2,1
0.001,0,0.008,0.001,0,0,47,1,2,9.8,67,73,140,9,0,116,121,121,9,1
0.002,0,0.007,0,0,0,52,0.7,2,8.6,38,113,151,1,1,136,136,137,1,0
0.004,0,0.005,0,0,0,41,1.1,9,13,82,86,168,4,1,139,143,144,9,1
0.012,0,0.005,0,0,0,37,1.2,0,4.1,48,120,168,0,1,146,147,148,4,0
0.008,0,0.005,0,0,0,37,1.2,0,5.2,52,116,168,2,0,146,146,147,4,0
0.001,0,0.006,0,0,0,50,0.8,5,11.3,57,94,151,3,0,136,136,137,1,1
0.005,0,0.005,0,0,0,44,1.1,5,12.2,45,128,173,4,0,147,148,149,4,0
0.005,0,0.005,0,0,0,37,1,0,9.5,44,130,174,4,0,147,148,149,5,0
0.006,0,0.006,0,0,0,43,0.9,12,5.9,34,132,166,2,0,147,148,149,2,0
0.004,0,0.008,0,0,0,48,0.7,0,10.6,38,136,174,2,1,155,155,157,2,0
0,0,0.006,0,0,0,63,0.5,35,6.5,33,128,161,4,0,147,146,148,0,0
0.006,0,0.008,0,0,0,45,0.8,2,6.4,29,129,158,2,0,144,143,145,1,0
0.003,0,0.006,0,0,0,48,0.7,2,9.4,42,121,163,1,1,144,144,145,2,0
0,0,0.003,0,0,0,47,0.9,2,10.6,39,119,158,2,1,144,143,145,1,0
0.001,0,0.005,0,0,0,59,0.5,25,7.1,31,132,163,2,1,142,141,142,2,-1
0,0,0.004,0,0,0,61,0.4,34,5.9,15,132,147,1,0,142,140,142,0,0
0.001,0,0.005,0,0,0,61,0.4,45,5.1,22,133,155,2,0,142,140,142,0,0
0.001,0,0.005,0,0,0,62,0.4,42,5.4,22,133,155,2,0,142,140,142,0,0
0,0,0.007,0,0,0,59,0.5,32,6.1,16,132,148,1,0,140,140,142,0,0
0,0,0.007,0.001,0,0,54,0.5,12,9,32,117,149,2,0,140,137,140,2,1
0,0,0.005,0.003,0,0,51,0.6,2,8.9,30,116,146,1,0,138,134,137,3,1
0.006,0,0.007,0,0,0,48,0.7,1,8.1,42,120,162,5,0,139,141,142,4,0
0.007,0,0.007,0,0,0,47,0.8,2,10,39,120,159,1,0,139,139,141,3,0
0.001,0,0.004,0,0,0,43,0.7,31,7.8,21,120,141,0,0,131,130,132,1,0
0,0,0.005,0,0,0,45,0.7,33,7.7,19,122,141,0,0,131,130,131,1,0
0.002,0,0.005,0,0,0,40,0.7,9,8.1,29,122,151,1,0,131,132,132,2,-1
0.001,0,0.005,0,0,0,31,1.1,1,12.5,38,109,147,4,0,125,125,127,3,0
0.003,0,0.004,0,0,0,32,1,5,10.7,47,100,147,1,0,126,127,128,3,0
0.003,0,0.004,0.001,0,0,32,1,7,8.4,54,93,147,2,0,126,126,128,3,0
0.002,0,0.004,0.002,0,0,36,1,10,9.6,54,93,147,1,0,126,127,128,3,0
0.002,0,0.006,0.002,0,0,19,1.7,0,14.2,59,89,148,1,1,120,118,121,5,0
0.004,0,0.007,0.001,0,0,20,1.7,0,9.9,78,79,157,4,2,120,121,123,7,0
0.007,0,0.008,0,0,0,20,1.7,0,3.5,78,79,157,6,3,123,124,125,7,0
0,0,0.005,0.002,0,0,20,1.7,0,14,59,89,148,1,1,120,118,121,4,0
0.005,0,0.005,0,0,0,22,1.5,0,13.2,51,102,153,2,0,112,118,117,11,-1
0.005,0,0.004,0,0,0,24,1.3,5,10.5,40,103,143,1,0,114,114,115,4,-1
0,0,0.004,0,0,0,23,1.3,10,12.5,40,104,144,0,0,112,113,113,2,-1
0.01,0,0.005,0,0,0,24,1.3,5,6,39,105,144,0,0,114,116,116,5,-1
0.008,0,0.006,0,0,0,25,1.3,0,7.3,37,105,142,1,0,114,115,115,4,-1
0.003,0,0.004,0,0,0,24,1.3,8,10.4,40,104,144,0,1,114,114,114,3,-1
0.008,0,0.003,0,0,0,20,1.7,0,5.8,42,109,151,2,0,122,126,125,8,0
0.001,0,0.003,0.001,0,0,26,1.4,0,11,56,94,150,3,0,120,118,119,6,0
0,0,0.007,0,0,0,26,1.2,0,11.1,44,100,144,3,0,120,119,120,2,0
0.002,0,0.004,0.002,0,0,25,1.5,35,6.5,90,70,160,2,2,126,120,124,13,0
0,0,0.008,0.002,0,0,21,1.5,0,10.3,55,89,144,1,1,123,118,121,6,0
0.003,0,0.004,0.001,0,0,26,1.4,23,6.3,88,72,160,1,1,126,123,126,7,0
0.004,0,0.007,0.001,0,0,23,1.5,5,7.9,75,70,145,1,1,126,122,125,9,1
0,0,0.002,0,0,0,25,1.3,9,9.3,40,103,143,3,0,126,122,124,4,0
0,0,0.003,0,0,0,23,1.5,0,16.1,39,106,145,3,1,125,124,126,3,0
0.001,0,0.006,0,0,0,26,1.2,0,13.8,39,106,145,1,0,120,122,122,3,0
0,0,0.007,0,0,0,27,1.2,0,13,37,109,146,1,0,120,120,121,1,-1
0.007,0,0.006,0,0,0,20,1.6,0,9.4,82,75,157,3,0,120,121,121,8,0
0.006,0,0.006,0.001,0,0,20,1.7,0,10.8,88,69,157,5,0,114,118,118,13,0
0.005,0,0.005,0.002,0,0,20,1.7,0,10.6,84,69,153,5,0,114,117,116,13,0
0,0,0.005,0,0,0,21,1.6,0,13.1,41,100,141,1,0,114,113,114,2,-1
0.007,0,0.006,0,0,0.001,17,2,0,13.9,73,84,157,0,1,120,117,119,13,0
0.003,0,0.007,0.002,0,0,21,1.7,2,9.9,60,84,144,1,1,114,113,115,7,0
0,0,0.007,0.005,0,0,16,2.2,3,10.4,62,78,140,3,1,112,108,110,10,0
0,0,0.005,0,0,0,26,1.3,0,10.1,37,90,127,2,1,114,114,116,2,1
0.003,0,0.004,0,0,0,26,1.2,1,8.4,54,90,144,4,2,120,116,117,4,0
0,0,0.006,0,0,0,25,1.3,0,9.3,34,104,138,4,1,119,116,118,2,0
0.002,0,0.009,0.004,0,0.002,15,2.3,0,5.6,92,77,169,4,1,114,109,110,33,-1
0.003,0,0.009,0.001,0,0,21,1.7,0,10.7,83,85,168,2,0,129,122,125,19,0
0.004,0,0.01,0.001,0,0,22,1.7,0,10.2,102,76,178,3,2,129,124,128,17,0
0.001,0,0.009,0.001,0,0.001,25,1.7,0,10.3,108,71,179,3,2,129,122,130,42,0
0.004,0,0.008,0.002,0,0.001,23,1.9,0,8.5,123,71,194,4,0,131,129,132,59,0
0.006,0,0.007,0.003,0,0.001,21,2.3,0,1.7,125,71,196,3,0,145,127,130,127,0
0.007,0,0.01,0.002,0,0.001,19,2.8,0,12.2,127,71,198,5,0,145,133,136,114,0
0.011,0,0.011,0,0,0,18,3,0,14.9,122,76,198,4,1,145,146,147,65,0
0,0,0.005,0.007,0,0.001,25,1.6,0,4,98,60,158,6,0,136,126,134,34,1
0.005,0,0.005,0.002,0,0,36,0.9,0,5,63,115,178,4,0,148,148,149,9,0
0,0,0.007,0.002,0,0,34,1,6,10.5,56,99,155,5,0,148,142,146,9,1
0.002,0,0.007,0.005,0,0,32,1.1,16,6.6,78,97,175,5,0,145,139,144,16,0
0,0,0.006,0.005,0,0,33,1,18,6.7,67,97,164,2,0,145,139,144,12,1
0.003,0,0.008,0.006,0,0,28,1.3,9,3.5,90,85,175,6,0,144,134,138,31,0
0.015,0.01,0.005,0.003,0,0,22,2.1,0,0,107,67,174,4,0,134,136,138,16,0
0.008,0.007,0.007,0.005,0,0,23,2.1,0,5.5,125,53,178,8,0,143,128,137,65,1
0.003,0.012,0.004,0.006,0,0,22,2.2,0,8.5,125,53,178,9,0,143,123,131,84,0
0.002,0.014,0.006,0.008,0,0,18,2.7,0,6.3,125,53,178,10,0,131,115,121,72,0
0.007,0.008,0.005,0.005,0,0.001,19,2.4,0,1.9,107,67,174,7,0,134,123,129,57,0
0.006,0.01,0.004,0.005,0,0.001,22,2.2,0,6.3,109,65,174,7,0,143,126,134,70,0
0,0.012,0.005,0.007,0,0.002,22,2.3,0,8.4,125,53,178,9,0,143,121,130,97,0
0.003,0.009,0.007,0.005,0,0.001,24,2,0,9,91,65,156,6,0,133,125,131,42,1
0,0.014,0.008,0.006,0,0.002,17,2.7,0,8.7,125,53,178,9,0,133,114,122,73,0
0.006,0.006,0.005,0.004,0,0,32,1.5,0,5.4,90,68,158,6,0,133,133,135,16,1
0.008,0.01,0.004,0.005,0,0,31,1.7,0,2.9,141,57,198,11,0,137,130,137,41,0
0.008,0.01,0.003,0.005,0,0,27,1.9,0,1.1,141,57,198,12,0,135,125,135,59,0
0.003,0.006,0.003,0.006,0,0.003,14,2.7,0,0,89,67,156,4,0,115,115,116,44,0
0.006,0.01,0.005,0.005,0,0.001,22,2.2,0,6.6,109,65,174,6,0,143,127,135,71,0
0,0.011,0.004,0.006,0,0.002,22,2.4,0,9.2,125,53,178,11,0,143,121,131,101,0
0.005,0.008,0.004,0.005,0,0,29,1.6,0,7.1,90,68,158,6,0,133,131,133,19,1
0.007,0.009,0.003,0.005,0,0,32,1.6,0,3.5,109,68,177,11,0,137,129,135,35,0
0.008,0.008,0.004,0.005,0,0,33,1.5,0,3.9,141,57,198,8,0,137,132,136,21,0
0.006,0.011,0.004,0.004,0,0.001,29,1.7,0,5.8,115,62,177,11,0,137,128,133,37,0
0.003,0.017,0.003,0.003,0,0.003,30,2,0,6,111,54,165,14,0,129,112,129,103,1
0,0.019,0.003,0.003,0,0.003,29,2.2,0,7.2,145,54,199,14,0,129,107,124,126,0
0,0.019,0.003,0.002,0,0.003,30,2.1,0,8.6,128,54,182,12,0,129,104,120,134,0
0.001,0,0.005,0.002,0,0,28,1.3,0,13.3,79,76,155,3,2,140,135,138,11,1
0.005,0,0.002,0.003,0,0,25,1.5,0,11,92,76,168,4,2,141,138,140,16,1
0.01,0,0.003,0.005,0,0,20,2.1,0,2.9,99,76,175,5,0,141,138,142,29,1
0.01,0,0.003,0.004,0,0,21,2,0,6.3,95,80,175,6,2,143,139,142,23,0
0.005,0,0.002,0.003,0,0,26,1.5,0,7.5,94,68,162,9,1,143,137,142,26,1
0.002,0,0.002,0.003,0,0,29,1.5,0,8.6,102,67,169,11,1,143,136,141,33,1
0.002,0,0.003,0.003,0,0,28,1.4,0,8.4,94,68,162,11,1,143,137,142,26,1
0,0,0.004,0,0,0,23,1.5,0,13.1,42,106,148,5,0,138,136,138,3,1
0.001,0,0.003,0.004,0,0,29,1.6,0,5.2,102,67,169,10,1,147,136,143,45,1
0,0,0.004,0.006,0,0,28,1.9,0,5.5,102,67,169,11,2,148,133,140,66,1
0,0,0.002,0.005,0,0,30,1.6,0,4.8,102,67,169,10,2,148,135,142,50,1
0,0,0.008,0.001,0,0,60,0.4,8,7.2,33,123,156,0,0,147,145,148,2,1
0.008,0,0.005,0,0,0,32,1,0,2.6,47,110,157,1,0,131,131,131,8,0
0.006,0,0.008,0.004,0,0,24,1.7,0,4.1,72,74,146,4,0,129,121,126,25,1
0.003,0,0.007,0.005,0,0.001,26,1.4,0,1.1,73,71,144,6,0,123,112,117,36,0
0.001,0,0.008,0.006,0,0.001,27,1.4,0,4.4,69,70,139,4,0,114,110,114,24,0
0.004,0,0.009,0.004,0,0,34,1.1,0,6.3,83,70,153,5,1,127,123,126,29,1
0.004,0,0.009,0.003,0,0,37,1,0,6.6,71,82,153,6,0,136,126,129,35,1
0.006,0,0.009,0,0,0,39,0.9,0,8.6,58,95,153,4,0,150,131,132,47,0
0.005,0,0.008,0.002,0,0,37,0.9,0,7.5,71,82,153,5,0,150,128,130,68,1
0.007,0,0.01,0,0,0,41,0.8,0,6.6,48,105,153,3,0,150,135,137,32,1
0,0,0.006,0,0,0,58,0.4,31,6.1,22,141,163,2,0,155,153,155,1,0
0.002,0,0.008,0.007,0,0,41,1.4,27,4.6,115,67,182,4,0,157,140,150,80,1
0.003,0,0.005,0.013,0,0,25,2.1,0,0,115,67,182,2,0,143,128,133,83,0
0,0,0.001,0,0,0,50,0.7,17,7.3,42,125,167,8,0,153,154,155,2,1
0,0,0.003,0,0,0,51,0.6,13,8.3,24,141,165,1,0,153,152,153,1,0
0.005,0,0.004,0,0,0,51,0.7,5,7.7,67,104,171,5,0,149,153,154,5,1
0.004,0,0.007,0,0,0,55,0.6,8,5.9,27,138,165,5,0,149,150,151,2,0
0,0,0.008,0,0,0,57,0.6,10,8.2,66,93,159,4,0,149,149,150,1,1
0.002,0,0.005,0,0,0,51,0.8,9,9.5,50,112,162,8,0,153,149,151,4,1
0.002,0,0.008,0,0,0,48,0.7,0,8.8,39,123,162,3,0,149,147,149,2,0
0.008,0,0.006,0,0,0,42,1,0,8.5,61,106,167,2,0,150,149,151,3,1
0.01,0,0.007,0,0,0,40,1,0,2.1,57,111,168,6,0,147,148,149,6,0
0.005,0,0.005,0.001,0,0,41,0.9,6,4.9,63,116,179,6,1,155,153,154,5,0
0.004,0,0.001,0.001,0,0,40,0.9,5,8.3,97,82,179,7,1,152,153,154,7,1
0.004,0,0.005,0.001,0,0,38,1,3,7,63,116,179,3,0,155,153,155,6,0
0.001,0,0.005,0,0,0,43,0.8,1,10.2,45,129,174,0,0,155,154,156,2,0
0,0,0.005,0,0,0,43,0.7,1,10.2,40,129,169,1,0,157,154,156,3,0
0.002,0,0.005,0,0,0,42,0.7,0,10,37,136,173,1,0,155,154,156,2,0
0.009,0,0.006,0,0,0,34,1,0,8.7,48,126,174,1,0,153,153,154,5,0
0.01,0,0.006,0,0,0,38,0.9,0,6,48,126,174,1,0,155,154,155,4,0
0.007,0,0.004,0,0,0,37,0.9,0,6.9,52,126,178,0,0,155,153,155,4,0
0.01,0,0.004,0,0,0,35,1,0,3.4,52,126,178,2,0,155,154,155,4,0
0.006,0,0.004,0,0,0,44,0.7,36,3.6,35,143,178,0,0,157,158,159,1,0
0.002,0,0.006,0,0,0,46,0.6,49,4.8,24,143,167,1,0,160,157,159,1,0
0,0,0.005,0,0,0,48,0.6,52,5.2,18,149,167,2,0,160,158,159,0,0
0.001,0,0.002,0,0,0,46,0.7,41,5.3,23,144,167,1,0,157,157,159,0,0
0.006,0,0.006,0,0,0,42,0.9,37,4.9,42,132,174,1,0,157,157,159,1,0
0.013,0,0.01,0,0,0,36,1.2,0,4.8,42,132,174,2,0,157,157,158,2,0
0.003,0,0.004,0,0,0,44,0.7,6,8.2,28,142,170,1,0,155,155,156,1,0
0.004,0,0.005,0,0,0,44,0.8,8,9.4,31,142,173,4,0,157,156,158,1,0
0.002,0,0.008,0,0,0,44,0.9,15,9.6,60,135,195,5,0,157,158,158,1,0
0.004,0,0.005,0,0,0,40,0.9,8,11.8,47,126,173,5,0,157,156,158,3,0
0,0,0.007,0,0,0,41,1,5,13.4,60,135,195,4,1,157,155,158,2,0
0.005,0,0.002,0,0,0,40,0.9,0,10.6,35,136,171,1,0,153,155,156,4,0
0,0,0.007,0,0,0,37,1.1,3,13,42,126,168,2,0,157,153,156,5,1
0,0,0.006,0,0,0,51,0.5,59,4.8,11,152,163,1,0,160,159,161,0,1
0,0,0.006,0,0,0,51,0.5,62,4.5,8,155,163,1,0,160,159,161,0,0
0,0,0.007,0,0,0,51,0.6,56,4.4,13,152,165,2,0,160,159,161,0,0
0,0,0.007,0,0,0,51,0.6,49,4.3,13,152,165,1,0,160,159,160,0,0
0.005,0,0.005,0,0,0,27,1.5,8,13,50,129,179,3,0,157,154,157,6,0
0.006,0,0.009,0,0,0,21,1.8,0,15.5,56,129,185,2,0,157,155,156,7,0
0.004,0,0.005,0,0,0,36,0.8,8,9.4,45,135,180,3,0,157,157,158,3,0
0,0,0.003,0,0,0,38,0.9,17,12.2,34,135,169,3,0,157,155,158,3,0
0.002,0,0.007,0,0,0,42,0.7,12,7.1,36,144,180,1,0,163,159,161,3,0
0,0,0.008,0,0,0,44,0.6,19,6.9,19,150,169,1,0,163,161,163,0,0
0.006,0,0.009,0.001,0,0,34,1.3,1,5.3,75,104,179,8,0,163,161,164,10,1
0.01,0,0.01,0.002,0,0,29,1.7,0,1.8,121,58,179,7,0,169,161,166,22,1
0.009,0,0.011,0.002,0,0,30,1.5,0,1.8,57,122,179,3,0,169,161,167,19,1
0.01,0,0.008,0,0,0,35,1,0,0.5,34,145,179,3,0,169,166,169,5,1
0,0,0.007,0.001,0,0,47,0.7,1,11.2,31,114,145,1,0,136,134,136,2,1
0,0,0.008,0,0,0,51,0.6,2,9.6,25,116,141,1,0,136,135,137,1,1
0.009,0,0.009,0,0,0,35,1.2,0,12.6,55,109,164,3,0,136,139,140,9,0
0.013,0,0.01,0,0,0,30,1.3,0,11.2,69,97,166,2,0,145,142,144,8,1
0.013,0,0.011,0,0,0.002,28,1.7,0,0,104,62,166,7,1,145,134,145,76,1
0,0,0.006,0,0.001,0.001,32,1.3,0,13.6,91,60,151,1,1,99,116,125,72,1
0.002,0,0.009,0,0,0.002,30,1.2,0,14.7,58,95,153,3,0,133,128,132,16,0
0.01,0,0.01,0,0,0,27,1.7,0,11.3,122,54,176,8,0,150,146,149,18,1
0.002,0,0.009,0,0,0,51,0.6,38,4.8,23,125,148,1,0,134,135,136,1,0
0.007,0,0.007,0,0,0,36,1.1,0,8.9,66,90,156,6,1,136,135,137,5,1
0.004,0,0.006,0,0,0,48,0.7,32,6.7,53,102,155,5,0,137,136,138,2,0
0.003,0,0.007,0,0,0,33,1.1,0,16.4,53,103,156,3,0,133,133,134,4,0
0.002,0,0.006,0,0,0,39,0.9,8,12.3,43,112,155,3,0,136,134,136,3,0
0,0,0.005,0,0,0,31,1.1,0,17.6,47,103,150,3,1,131,132,133,2,0
0,0,0.005,0,0,0,31,1.1,0,14.3,36,114,150,1,2,131,132,133,1,0
0,0,0.005,0,0,0,49,0.6,25,5.4,14,129,143,1,0,137,136,138,0,0
0.003,0,0.007,0.002,0,0,28,1.4,0,15.9,54,109,163,3,0,140,138,139,9,0
0.005,0,0.008,0.003,0,0,31,1.3,0,12.8,60,103,163,2,0,140,139,140,10,0
0,0,0.007,0,0,0,36,1,8,16.4,59,91,150,3,0,136,134,137,3,1
0,0,0.007,0,0,0,43,0.8,30,11.2,48,106,154,4,0,145,140,143,4,1
0,0,0.008,0,0,0,48,0.6,46,6.8,25,125,150,2,0,145,142,144,1,1
0.002,0,0.006,0,0,0,40,0.9,21,11.2,50,106,156,3,0,142,140,142,3,1
0.003,0,0.006,0,0,0,34,1.1,6,14.5,58,101,159,4,0,142,139,142,4,1
0.003,0,0.005,0.001,0,0,33,1.2,5,13.7,58,101,159,4,0,142,138,141,5,1
0.004,0,0.006,0.002,0,0,35,1.1,8,7.4,48,109,157,2,1,142,138,141,4,0
0,0,0.008,0,0,0,36,1,0,16.1,37,117,154,2,0,139,137,138,3,0
0,0,0.007,0,0,0,47,0.7,22,10,36,117,153,2,1,144,141,143,2,1
0,0,0.006,0,0,0,53,0.5,37,5.9,17,134,151,2,0,144,142,144,0,0
0,0,0.007,0,0,0,54,0.5,40,5.6,17,134,151,2,0,144,143,145,0,0
0.006,0,0.006,0,0,0,43,0.7,1,4.6,39,120,159,0,1,145,144,146,2,0
0.006,0,0.007,0.001,0,0,43,0.7,4,5.1,46,112,158,1,0,144,142,144,3,1
0,0,0.009,0.008,0,0,42,2.5,23,8.2,162,51,213,4,0,156,142,154,87,0
0,0,0.009,0.009,0,0,39,2.5,25,5.6,137,51,188,4,1,155,139,153,97,1
0,0,0.005,0,0,0,63,0.4,65,4.6,12,146,158,1,0,153,153,155,0,1
0,0,0.007,0,0,0,62,0.4,46,5.5,14,146,160,1,0,154,153,155,0,0
0,0,0.006,0,0,0,61,0.4,34,5.6,12,148,160,1,0,154,153,155,0,0
0.001,0,0.008,0,0,0,55,0.5,19,6.4,23,147,170,2,0,155,155,156,0,0
0,0,0.008,0,0,0,59,0.5,27,5.5,15,148,163,1,0,155,154,156,0,0
0.002,0,0.006,0.001,0,0,51,0.6,16,6,44,125,169,3,0,157,156,158,3,1
0.003,0,0.006,0,0,0,50,0.6,21,5.3,27,142,169,2,0,157,157,158,2,0
0.005,0,0.008,0.002,0,0,32,1.2,0,8.8,65,115,180,3,0,153,152,154,12,0
0.005,0,0.007,0.003,0,0,33,1.1,0,7.7,68,113,181,3,0,153,154,155,12,0
0.006,0,0.008,0.002,0,0,28,1.4,0,8.3,80,102,182,3,0,155,152,154,23,0
0,0,0.004,0.002,0,0,33,1.2,2,10.4,61,99,160,2,0,153,147,152,19,1
0.004,0,0.006,0,0,0,40,0.8,0,9.9,59,112,171,3,0,160,154,157,8,1
0.012,0,0.012,0,0,0,24,1.4,0,0,74,117,191,3,1,155,154,157,14,0
0,0,0.004,0.009,0,0,26,2.1,0,0,81,76,157,4,0,86,109,106,110,-1
0.002,0,0.008,0.003,0,0,22,2.1,0,18.5,105,55,160,4,1,131,131,134,15,1
0,0,0.003,0.003,0,0,34,1,7,9.4,66,83,149,7,1,136,133,137,7,1
0,0,0.003,0,0,0,30,1.1,0,13.7,52,97,149,4,1,133,133,135,3,1
0.001,0,0.005,0.004,0,0,29,1.5,1,16,92,61,153,4,1,133,129,134,23,1
0,0,0.006,0.006,0,0,26,1.8,0,15,97,53,150,3,3,133,126,132,35,1
0.001,0,0.005,0.005,0,0,30,1.8,5,19.9,99,52,151,7,0,139,130,137,31,1
0,0,0.004,0.007,0,0,37,1.1,22,2.9,93,50,143,5,0,138,129,136,31,1
0,0,0.01,0,0,0,27,2.8,8,26.1,74,89,163,7,1,138,134,138,13,0
0,0,0.007,0.008,0,0,20,2.1,0,8.2,115,50,165,7,2,126,117,126,63,0
0,0,0.005,0.007,0,0,21,1.9,0,8.6,104,50,154,9,2,126,117,127,64,1
0.009,0,0.007,0,0,0,37,1.5,0,12.3,55,114,169,3,0,150,150,152,8,1
0.01,0,0.009,0,0,0,42,1.4,0,0,51,120,171,0,1,157,153,155,8,1
0,0,0.005,0,0,0,36,2.4,0,16,78,114,192,6,1,160,157,160,14,0
0,0,0.004,0,0,0,19,2.2,0,17.8,45,110,155,3,0,144,141,143,6,1
0.005,0,0.002,0,0,0,18,4.2,0,17.2,62,114,176,4,0,157,149,151,13,0
0.002,0.048,0.004,0.004,0,0,62,2.6,0,3.2,91,81,172,7,0,140,122,142,8,0
0.004,0.032,0.004,0.001,0,0,65,2.3,0,1.3,34,127,161,1,0,138,129,140,3,-1
0.004,0.051,0.004,0.002,0,0,63,1.8,0,6.4,76,96,172,8,0,142,132,143,5,0
0.005,0.036,0.004,0.001,0,0,65,2.5,0,1.6,34,127,161,1,0,138,127,140,3,-1
0.006,0.035,0.003,0.001,0,0,65,2.7,0,1.1,35,126,161,2,0,138,126,140,3,0
0.001,0.049,0.001,0.009,0,0,65,3.6,0,1.7,143,67,210,7,1,145,108,149,38,0
0.003,0.049,0.002,0.006,0,0.001,66,3.4,0,0.3,113,67,180,7,0,141,110,147,89,1
0.004,0.041,0.003,0.004,0,0.001,66,3.2,0,0.5,106,69,175,10,0,138,112,146,98,1
0.003,0.05,0.002,0.006,0,0.001,66,3.3,0,0.3,113,67,180,7,0,141,111,147,90,1
0.003,0.048,0.003,0.006,0,0.001,66,3.5,0,0.3,143,67,210,7,0,142,108,147,85,0
0.002,0.052,0.001,0.008,0,0,64,3.8,0,1.3,143,67,210,10,2,145,111,149,49,0
0.013,0.002,0.007,0.001,0,0,53,2.5,0,0.3,85,84,169,3,0,135,133,140,13,0
0.012,0.002,0.007,0.001,0,0,53,2.6,0,0.2,86,84,170,5,0,135,134,140,12,0
0.009,0,0.007,0.001,0,0,53,2.7,0,4.3,111,71,182,6,1,139,124,139,15,0
0.012,0.003,0.006,0,0,0,55,2.2,0,2.4,75,85,160,8,0,135,132,136,8,1
0.01,0.001,0.004,0,0,0,55,2.1,0,0,77,85,162,4,0,140,134,139,10,1
0.01,0.002,0.007,0,0,0,53,3.4,0,0,109,84,193,6,1,146,129,146,15,0
0.004,0,0.011,0.002,0,0,52,2.7,0,2.2,89,76,165,5,0,139,129,135,20,0
0.001,0.002,0.008,0.002,0,0,53,2.8,0,7.1,62,95,157,5,0,138,131,136,9,0
0.002,0.004,0.007,0.003,0,0,52,3,0,5.6,69,87,156,4,0,139,129,135,15,1
0.003,0.005,0.006,0.003,0,0,52,3,0,3.3,76,87,163,6,0,139,130,136,15,0
0.012,0,0.007,0,0,0,50,1.4,0,2.8,68,104,172,4,1,144,142,144,10,0
0.009,0.001,0.004,0.001,0,0,52,1.3,0,2.4,99,73,172,6,0,144,141,144,16,1
0.007,0.001,0.002,0.004,0,0,52,1.6,0,4.2,106,73,179,7,0,144,138,143,29,0
0.006,0.002,0.002,0.004,0,0,53,1.7,0,2,106,73,179,7,0,144,137,141,31,0
0.005,0.001,0.003,0.006,0,0,51,1.9,0,4.9,125,73,198,6,0,131,137,140,56,0
0.008,0.001,0.002,0.004,0,0,51,1.8,0,6.5,118,77,195,7,0,131,137,141,47,0
0.01,0,0.009,0.004,0,0,49,1.5,0,10.3,114,84,198,7,0,150,141,145,50,0
0.009,0,0.005,0.005,0,0,51,1.5,0,5,101,77,178,7,0,130,135,137,39,0
0.008,0.001,0.006,0.005,0,0,52,1.7,0,0.3,101,77,178,3,0,135,134,137,48,0
0.008,0,0.009,0.012,0,0,55,2.7,0,0,123,60,183,5,0,144,118,142,100,1
0.008,0,0.008,0.013,0,0,55,2.7,0,0,116,70,186,3,0,144,116,137,103,0
0.005,0,0.011,0.014,0,0,58,2.9,0,0,115,63,178,4,0,112,110,121,64,0
0,0,0.008,0,0,0,65,0.4,0,11.5,22,104,126,1,0,115,115,116,0,0
0,0,0.008,0,0,0,64,0.5,0,12.2,25,100,125,1,0,115,114,116,1,0
0,0,0.008,0,0,0,64,0.5,0,12.4,26,100,126,1,0,115,114,116,1,0
0.011,0,0.009,0,0,0,62,1.4,0,12.7,54,94,148,5,0,107,117,116,32,-1
0,0,0.01,0,0,0,63,0.6,0,13.5,28,95,123,1,0,112,109,111,2,0
0.001,0,0.011,0,0,0,63,0.6,0,11.5,30,95,125,1,0,112,110,112,1,0
0,0,0.009,0,0,0,64,0.6,0,10.4,20,102,122,1,0,111,111,112,0,0
0.006,0,0.006,0,0,0,64,0.7,0,12.6,54,100,154,3,0,112,116,114,14,-1
0.003,0.001,0.005,0.001,0,0,64,0.9,0,10.6,65,92,157,6,0,110,114,113,21,-1
0,0,0.005,0,0,0,64,0.6,0,12,30,98,128,1,0,110,111,112,1,0
0.004,0.001,0.002,0.001,0,0,65,1.1,0,9.3,88,90,178,5,0,109,113,112,24,-1
0.005,0.001,0.008,0.001,0,0,63,1.6,0,8.5,88,90,178,3,0,109,114,112,34,-1
0.003,0,0.007,0.004,0,0,63,2.4,0,1.8,176,62,238,10,1,98,101,105,59,-1
0.004,0,0.009,0.005,0,0,63,2.7,0,1.8,176,62,238,9,0,95,98,106,61,-1
0.004,0.001,0.009,0.004,0,0,64,2.2,0,5.3,176,62,238,7,0,107,103,109,42,-1
0.004,0.001,0.009,0.003,0,0,64,1.8,0,6.8,176,62,238,7,0,110,106,110,36,-1
0.003,0.002,0.006,0.007,0,0.002,68,3.1,0,0,133,60,193,8,0,91,83,95,42,-1
0.004,0,0.009,0.007,0,0.002,68,3,0,0,133,60,193,7,0,91,87,95,41,-1
0.003,0.002,0.007,0.007,0,0.002,68,3,0,0,133,60,193,6,0,91,84,94,45,-1
0.002,0.003,0.002,0.009,0,0.002,68,3.2,0,0,124,63,187,6,1,91,78,94,39,-1
0.003,0.002,0.006,0.006,0,0.002,68,3.1,0,0,133,60,193,8,0,91,82,95,42,-1
0.012,0,0.003,0.004,0,0,56,2.1,0,0.2,136,52,188,3,0,160,144,161,39,1
0.012,0,0.003,0.004,0,0,58,1.7,0,1.7,136,52,188,7,1,149,145,158,44,1
0.011,0,0.006,0.004,0,0,57,1.6,0,7.6,136,52,188,5,1,148,146,158,42,1
0.007,0.001,0.004,0.003,0,0,57,1.4,0,6.2,109,69,178,4,0,146,143,149,43,1
0.006,0.002,0.005,0.002,0,0,57,1.4,0,6.8,109,69,178,3,1,148,143,149,43,1
0.006,0.005,0.005,0.001,0,0,59,1.4,0,7,48,122,170,2,0,146,141,143,8,0
0.009,0.003,0.004,0.001,0,0,58,1.2,0,6.4,48,122,170,1,0,146,144,146,8,0
0.012,0.002,0.005,0,0,0,56,0.9,0,4.1,48,122,170,3,0,147,146,147,7,0
0.004,0.003,0.004,0.005,0,0.001,60,2.1,0,0.9,90,78,168,8,0,133,127,132,21,0
0.008,0.003,0.004,0.001,0,0,55,1.9,0,2.8,85,84,169,6,0,150,140,145,22,1
0.009,0.001,0.004,0.001,0,0,55,2,0,2.7,85,84,169,6,0,132,140,145,26,1
0.01,0,0.003,0.001,0,0,54,1.4,0,3.3,85,84,169,7,0,151,143,147,20,1
0.008,0,0.002,0.001,0,0,54,1.5,0,5.3,86,83,169,7,0,151,142,147,22,1
0.009,0,0.004,0.001,0,0,54,1.5,0,4,85,84,169,6,0,151,141,144,22,1
0.008,0,0.005,0.001,0,0,54,1.6,0,2.7,56,111,167,2,0,138,139,141,8,0
0.008,0,0.01,0.005,0,0,60,1.1,0,9.3,109,80,189,8,0,156,145,154,70,1
0.009,0.001,0.01,0.006,0,0,60,1.2,0,0,109,80,189,8,0,156,145,154,69,1
0.008,0.001,0.01,0.006,0,0,61,1.1,0,3.7,109,80,189,10,0,156,144,151,61,0
0.007,0.001,0.011,0.005,0,0,62,1.2,0,4.5,109,80,189,9,0,156,145,152,49,0
0.008,0.001,0.009,0.004,0,0,60,1.2,0,4.9,109,80,189,4,1,156,147,151,40,0
0.005,0.001,0.007,0.005,0,0,61,1.1,0,6,83,90,173,5,0,142,143,147,17,1
0.005,0,0.006,0.004,0,0,62,1.1,0,4.9,83,90,173,5,0,142,142,146,15,0
0.009,0.001,0.006,0.005,0,0,59,1.2,0,0.6,99,88,187,5,0,151,145,151,42,0
0.008,0.002,0.008,0.005,0,0,59,1.1,0,0,99,88,187,5,0,151,145,152,44,0
0.009,0,0.01,0.005,0,0,57,1.2,0,0,101,86,187,3,0,151,148,155,47,1
0.011,0,0.01,0.004,0,0,56,1.4,0,0,101,86,187,5,0,151,152,160,44,1
0.005,0.002,0.002,0.003,0,0.003,62,1.5,0,0,113,71,184,4,0,89,113,110,148,-1
0.004,0.001,0.001,0.003,0,0.003,61,1.8,0,0,118,66,184,6,0,88,112,111,182,-1
0.004,0.001,0.001,0.003,0,0.004,62,1.8,0,0,118,66,184,5,0,88,106,107,128,-1
0.002,0,0.001,0.009,0,0,57,1.3,0,7.5,78,79,157,4,0,113,115,119,25,0
0.003,0,0.001,0.009,0,0,57,1.5,0,8,78,79,157,5,1,113,115,119,28,0
0,0,0.004,0.013,0,0,59,1.6,0,11.1,83,69,152,4,1,91,106,106,56,0
0,0,0.005,0.011,0,0,60,1.6,0,9,85,69,154,4,1,86,105,105,75,0
0,0,0.004,0.007,0,0.001,64,1.3,0,8.4,85,69,154,3,1,86,97,93,48,-1
0,0,0.005,0.006,0,0.002,64,1.1,0,8.1,85,69,154,2,1,86,98,95,44,-1
0,0,0.001,0.007,0,0.002,64,1.1,0,0,80,74,154,3,0,86,99,99,40,-1
0,0,0.002,0.01,0,0.002,63,1.3,0,0,83,69,152,6,0,107,100,101,26,0
0,0,0.002,0.008,0,0.002,64,1.3,0,0,77,69,146,8,0,86,98,100,38,0
0,0,0.004,0.009,0,0.001,63,2,0,0,128,63,191,12,2,107,93,106,36,-1
0,0,0.005,0.009,0,0.002,64,1.7,0,0,111,63,174,10,1,86,93,101,42,-1
0.003,0.002,0.002,0.004,0,0,57,1.6,0,13.6,99,67,166,7,1,122,119,123,24,0
0.004,0.002,0.002,0.003,0,0,56,1.4,0,14,88,81,169,4,0,124,123,125,23,0
0.004,0.002,0.002,0.005,0,0,56,1.6,0,13.6,99,70,169,5,1,124,121,124,28,0
0,0.001,0.003,0.011,0.001,0,67,2.1,0,0,102,55,157,4,1,67,81,87,89,-1
0,0.001,0.005,0.012,0.001,0,66,2.1,0,0,102,55,157,5,1,67,83,90,98,-1
0,0.001,0.003,0.01,0.001,0,68,2.1,0,0,102,55,157,3,1,67,79,82,83,-1
0.01,0,0.001,0,0,0,59,0.8,0,7.2,72,96,168,3,0,152,146,150,8,1
0.008,0,0.003,0.002,0,0,60,2,0,3.6,79,101,180,9,0,146,144,151,18,0
0.008,0,0.002,0,0,0,60,2.2,0,3.9,79,101,180,8,0,150,132,153,14,0
0,0,0.004,0,0,0,66,0.4,4,10.2,22,132,154,1,0,144,143,145,1,0
0,0,0.004,0,0,0,66,0.4,5,10,24,134,158,1,0,144,144,145,1,0
0,0,0.004,0,0,0,66,0.4,4,9.9,22,132,154,0,0,144,143,145,1,0
0,0,0.003,0,0,0,67,0.3,6,9.6,24,134,158,1,0,144,144,146,1,0
0,0,0.002,0,0,0,68,0.3,5,9.4,23,135,158,1,0,144,144,145,1,0
0,0,0.001,0,0,0,68,0.3,5,9.4,26,133,159,1,0,144,144,145,1,0
0,0,0.001,0,0,0,69,0.3,6,9.7,25,133,158,1,0,145,144,146,1,0
0,0,0.006,0,0,0,67,0.4,4,13.3,56,106,162,3,1,146,145,147,2,1
0,0,0.007,0,0,0,66,0.4,4,13.6,56,106,162,4,1,146,145,147,2,1
0,0,0.003,0,0,0,66,0.4,4,12.4,56,106,162,4,1,145,144,146,1,1
0.012,0.001,0.006,0,0,0,53,1.4,0,18.1,108,96,204,5,0,144,153,152,47,0
0.011,0.001,0.007,0,0,0,53,1.5,0,21,107,97,204,7,0,152,155,153,39,0
0.011,0.001,0.005,0,0,0,52,1.6,0,20,107,97,204,8,0,138,155,153,77,0
0.002,0.001,0.009,0.003,0,0,56,2.2,0,7.2,90,71,161,2,1,139,120,139,19,1
0.003,0.001,0.01,0.004,0,0,57,1.9,0,6.2,90,71,161,7,1,140,124,140,20,1
0,0.001,0.003,0.007,0,0,62,1.2,0,3.9,93,66,159,5,2,142,136,144,26,1
0,0.001,0.002,0.008,0,0,61,1.3,0,3.9,93,66,159,7,1,142,135,144,24,1
0,0.001,0.003,0.008,0,0,61,1.3,0,4,94,65,159,6,1,142,134,143,25,1
0,0.001,0.002,0.008,0,0,60,1.3,0,3.9,94,65,159,7,1,142,134,143,27,1
0,0.002,0.002,0.008,0,0,60,1.4,0,4.7,96,63,159,8,1,142,133,143,29,1
0,0.002,0.003,0.008,0,0,60,1.5,0,6.2,105,63,168,8,1,142,125,143,26,1
0.002,0.005,0.003,0.006,0,0,58,1.9,0,7.8,116,52,168,9,2,142,130,139,38,1
0.002,0.002,0.007,0.006,0,0,58,1.8,0,5.9,106,60,166,6,0,139,133,141,22,1
0,0.001,0.006,0.004,0,0,59,1.9,0,6.5,102,64,166,5,1,139,133,140,14,1
0,0.001,0.007,0.004,0,0,59,1.8,0,6.4,102,64,166,5,1,139,133,140,13,1
0,0,0.008,0.005,0,0,59,1.8,0,7.2,102,64,166,7,1,142,133,140,18,1
0,0,0.007,0.003,0,0,58,1.9,0,6.5,102,64,166,10,2,142,134,141,14,1
0.009,0,0.003,0.001,0,0,51,1.3,0,2,98,73,171,8,0,148,145,147,16,1
0.012,0,0.007,0.001,0,0,50,1.2,0,1.4,98,73,171,7,0,148,146,148,11,1
0.011,0,0.007,0.001,0,0,50,1.2,0,1.6,98,73,171,7,0,148,146,148,12,1
0.012,0,0.006,0.001,0,0,51,1.2,0,1.6,98,73,171,8,0,148,147,149,12,1
0.017,0,0.004,0,0,0,51,0.9,0,0.2,49,122,171,4,0,147,149,150,5,0
0.014,0,0.004,0,0,0,51,0.9,0,2.2,49,122,171,3,0,147,148,149,5,0
0.016,0,0,0,0,0,51,1,0,2.4,64,107,171,2,3,147,148,149,7,0
0.015,0,0.003,0,0,0,50,1,0,2.2,72,99,171,5,1,147,147,148,7,1
0.008,0,0,0.003,0,0,49,1.6,0,4.7,92,80,172,4,1,142,142,145,21,1
0.004,0.002,0.004,0.006,0,0,50,1.9,0,5.6,102,70,172,8,0,142,137,142,32,1
0.003,0.002,0.006,0.007,0,0,50,2.3,0,4.6,102,70,172,7,0,138,135,140,26,1
0.002,0.002,0.004,0.009,0,0,51,2.5,0,5.2,112,60,172,4,0,138,129,138,46,1
0.002,0.002,0.004,0.008,0,0,51,2.4,0,5.8,102,70,172,9,1,135,132,138,32,1
0.003,0.003,0.005,0.009,0,0,50,2.4,0,6,102,70,172,6,0,138,132,138,30,1
0.001,0.003,0.006,0.01,0,0,52,2.6,0,2.4,104,60,164,4,0,135,124,135,48,1
0.004,0,0.007,0,0,0,58,0.5,0,8.1,61,107,168,3,0,153,152,154,3,1
0.004,0,0.005,0,0,0,58,0.6,0,8.5,56,112,168,2,0,153,152,154,3,1
0.006,0,0.007,0,0,0,58,0.6,0,8.1,39,132,171,0,0,153,153,155,3,0
0.004,0,0.008,0,0,0,58,0.6,0,7.9,63,108,171,3,1,153,153,155,4,1
0.005,0,0.007,0,0,0,58,0.6,3,9.6,63,108,171,3,1,156,154,157,5,1
0.004,0,0.008,0.001,0,0,57,0.7,1,8.5,75,96,171,3,0,160,152,156,14,1
0.005,0,0.008,0.001,0,0,57,0.7,1,8.1,69,102,171,4,0,160,152,156,13,1
0.006,0.002,0.01,0.006,0,0,54,1.6,0,2.2,96,76,172,4,1,161,139,145,78,1
0.011,0.002,0.01,0.008,0,0,51,1.9,0,0,96,76,172,5,0,147,136,141,42,1
0.006,0,0.014,0.012,0,0,57,2,0,0,125,54,179,4,2,121,115,122,94,0
0.002,0,0.014,0.014,0,0,59,2.1,0,0,127,50,177,8,2,121,101,115,79,0
0.002,0,0.012,0.013,0,0,61,2,0,0,127,50,177,5,0,121,98,115,94,0
0.001,0,0.012,0.013,0,0,62,2,0,0,127,50,177,7,0,60,95,112,269,0
0.002,0.002,0.008,0.008,0,0.002,64,2.5,0,0,161,50,211,7,0,60,83,114,241,-1
0,0.002,0.007,0.007,0,0.002,66,2.4,0,0,161,50,211,7,0,60,75,108,190,-1
0.003,0.001,0.007,0.004,0,0,64,1.2,0,5.9,74,95,169,6,0,142,137,142,18,0
0.004,0.001,0.007,0.005,0,0,64,1.1,0,3.8,73,96,169,5,0,146,140,144,16,0
0.004,0.001,0.007,0.004,0,0,64,1,0,5.7,69,96,165,4,0,145,139,144,17,1
0.003,0.001,0.007,0.004,0,0,63,1.2,0,5.3,68,93,161,4,0,143,136,143,19,1
0.002,0.002,0.004,0.005,0,0,63,1.3,1,9.1,153,75,228,7,0,142,121,143,17,0
0.001,0.002,0.006,0.006,0,0,63,1.5,1,9.5,163,65,228,5,1,142,118,141,27,0
0,0.003,0.005,0.003,0,0.001,63,1.7,5,4,83,65,148,4,1,140,127,133,32,1
0,0.004,0.008,0.004,0,0.001,64,1.3,0,6.4,60,91,151,4,0,139,128,133,21,1
0.001,0.001,0.005,0.005,0,0,57,2.6,0,1.5,81,83,164,6,0,132,125,132,21,0
0,0.001,0.009,0.005,0,0,58,2.6,0,1.2,66,83,149,4,0,135,123,132,21,1
0,0.002,0.007,0.004,0,0,60,2.2,0,1.1,65,83,148,1,0,135,124,132,19,1
0,0.004,0.006,0.004,0,0,60,2.5,0,0,65,83,148,2,0,131,122,130,14,1
0,0.004,0.008,0.003,0,0,61,2.9,0,0.1,49,93,142,3,0,133,124,132,9,1
0,0.003,0.009,0.003,0,0,63,2.3,0,0.5,36,103,139,2,0,133,124,130,8,1
0,0.003,0.009,0.003,0,0,63,2.2,0,0.5,36,103,139,1,0,133,124,130,8,1
0,0.003,0.005,0.004,0,0,62,2,0,1.6,100,62,162,3,0,133,119,128,44,0
0,0.001,0.006,0.003,0,0.003,60,2.2,0,5,105,60,165,5,0,100,104,108,52,0
0,0.001,0.006,0.003,0,0.002,62,1.9,0,4.2,105,60,165,4,0,128,108,116,71,0
0,0.001,0.005,0.003,0,0.003,60,2.8,0,8.1,105,60,165,5,0,100,98,107,45,0
0,0.001,0.006,0.002,0,0.002,60,2.8,0,7.7,105,60,165,5,0,119,100,111,53,0
0,0.001,0.006,0.001,0,0.002,60,3.1,0,9.5,105,60,165,7,0,93,98,107,57,0
0,0,0.01,0.002,0,0.002,60,3,0,0,105,60,165,5,0,125,97,105,80,0
0,0,0.012,0.001,0,0.002,60,3,0,0,97,58,155,4,0,125,96,105,79,0
0,0,0.01,0.003,0,0.001,60,3.3,0,0,81,58,139,2,0,125,96,111,75,1
0.001,0,0.009,0.004,0,0.002,60,2.8,0,0,127,57,184,8,0,125,98,104,95,0
0.001,0,0.009,0.003,0,0.003,61,2.6,0,0,132,52,184,7,0,125,96,102,108,0
0.001,0,0.009,0.004,0,0.004,63,2.1,0,0,133,52,185,4,0,125,94,97,147,-1
0.001,0,0.008,0.004,0,0.003,62,2.2,0,0,133,52,185,5,0,125,100,108,114,0
0.007,0,0.006,0,0,0,58,0.6,0,14.4,50,133,183,1,0,152,157,155,17,0
0.005,0,0.005,0,0,0,58,0.6,0,19.3,46,137,183,3,0,149,160,161,27,1
0.01,0,0.006,0,0,0,57,0.8,0,3.8,51,127,178,3,0,149,150,150,10,0
0.009,0,0.005,0,0,0,57,0.8,0,7.3,41,127,168,2,0,148,145,148,6,0
0.007,0,0.004,0,0,0,59,0.7,0,8.5,43,125,168,1,0,148,145,147,6,0
0.005,0,0.005,0,0,0,59,0.8,0,8,43,125,168,2,0,148,143,145,7,0
0.006,0,0.005,0,0,0,59,0.8,0,7.7,43,125,168,3,0,148,144,146,6,0
0.006,0.002,0.003,0,0,0,60,0.8,0,7.4,43,125,168,1,0,148,144,147,6,0
0.011,0.002,0.004,0,0,0,60,0.9,0,0.4,44,124,168,3,0,148,144,146,6,0
0.007,0.002,0.006,0,0,0,60,1,0,5.2,40,123,163,0,0,148,142,145,7,0
0.007,0.002,0.006,0,0,0,62,0.9,1,8.2,41,119,160,1,0,148,142,146,8,0
0.005,0,0.002,0,0,0,63,0.8,0,9.9,41,119,160,1,0,147,141,143,7,0
0.007,0,0.004,0,0,0,58,0.8,0,7.5,50,121,171,3,0,147,146,147,8,0
0.007,0,0.005,0,0,0,58,0.8,0,6.9,50,121,171,2,0,148,146,147,8,0
0.006,0,0,0,0,0,58,1.2,0,5.2,51,111,162,2,0,141,141,143,6,0
0,0,0.007,0.009,0,0,62,1.6,0,1.5,73,68,141,7,0,129,117,125,32,1
0,0,0.008,0.009,0,0,62,1.3,0,1.3,70,68,138,6,0,128,117,124,25,1
0,0.001,0.009,0.008,0,0,62,1.7,0,1.1,72,68,140,5,0,130,116,125,29,1
0.001,0.001,0.008,0.007,0,0,62,1.6,0,4.8,82,71,153,5,0,130,118,125,30,0
0,0.001,0.007,0.007,0,0,61,1.8,0,5.1,73,74,147,4,0,130,117,125,26,1
0.002,0.002,0.009,0.009,0,0,63,1.2,0,0.8,100,64,164,8,1,114,114,117,15,0
0,0.001,0.008,0.011,0,0,65,1.1,0,5.5,76,64,140,5,1,116,111,115,9,1
0,0.001,0.008,0.009,0,0.001,65,1,0,5.2,76,64,140,4,1,116,111,115,10,0
0,0,0.008,0.007,0,0.001,65,1,0,5.8,82,64,146,7,2,117,111,116,9,0
0,0,0.009,0.006,0,0.001,65,1.1,0,7.3,82,64,146,5,1,116,111,116,9,0
0,0,0.009,0.007,0,0.001,65,1.3,0,6.5,82,64,146,5,1,116,111,116,8,0
0,0,0.006,0.006,0,0.001,65,1.3,0,3,77,78,155,4,0,110,111,113,8,0
0,0,0.008,0.007,0,0.001,64,1.4,0,2.7,77,78,155,4,0,107,111,113,11,0
0,0,0.007,0.008,0,0,64,1.4,0,2.4,90,65,155,6,0,111,111,114,8,0
0,0.002,0.005,0.013,0,0,58,4.3,0,0,158,72,230,10,1,111,88,126,33,-1
0,0,0.006,0.01,0,0.001,65,2.6,0,0,101,50,151,9,2,105,91,113,13,0
0,0.001,0.006,0.008,0,0.002,65,2.8,0,0,101,50,151,7,2,105,86,112,13,0
0,0.001,0.005,0.008,0,0.002,65,2.9,0,0,101,50,151,6,2,105,84,111,12,0
0,0.001,0.006,0.005,0,0.003,66,2.8,0,0,94,50,144,6,0,105,85,110,11,0
0,0.001,0.008,0.005,0,0.002,66,2.9,0,0,129,63,192,6,1,103,84,110,20,-1
0,0.002,0.007,0.005,0,0.002,65,2.6,0,0,129,63,192,6,0,103,92,114,28,0
0,0.002,0.007,0.005,0,0.002,66,2.7,0,0,129,63,192,4,0,105,89,112,21,0
0,0.002,0.007,0.006,0,0.002,65,2.5,0,0,129,63,192,6,0,104,94,115,28,0
0,0.004,0.008,0.008,0,0,64,2,0,0,100,71,171,4,2,122,112,123,20,0
0,0.007,0.007,0.007,0,0,64,2.2,0,0,84,87,171,5,1,129,118,125,13,0
0,0.006,0.009,0.009,0,0,63,2.5,0,1.2,107,64,171,4,1,129,115,128,17,0
0,0.006,0.009,0.01,0,0,63,2.7,0,1.3,96,64,160,6,1,129,111,128,21,0
0,0.008,0.007,0.01,0,0,63,2.8,0,1.4,96,64,160,3,0,127,114,129,16,0
0.005,0.015,0.007,0,0,0,66,4.1,5,0.3,23,123,146,0,0,133,126,134,1,0
0,0.001,0.005,0,0,0,63,0.7,59,4,20,120,140,2,0,126,125,127,0,-1
0,0.001,0.006,0,0,0,62,0.7,64,4.1,20,120,140,1,0,124,125,126,1,-1
0,0.001,0.006,0,0,0,60,0.6,61,4.2,20,120,140,2,0,123,124,125,0,-1
0,0,0.006,0,0,0,70,0.4,63,4.1,18,119,137,2,0,123,125,126,1,0
0,0.001,0.006,0,0,0,71,0.9,52,3.8,18,119,137,2,0,129,125,128,1,0
0,0.001,0.005,0,0,0,66,0.8,58,4.1,19,120,139,1,0,123,125,127,1,-1
0.009,0.003,0.008,0,0,0,65,1.7,0,1.3,45,112,157,4,0,136,135,138,3,0
0.009,0.001,0.002,0,0,0,66,1.2,0,1,45,112,157,6,0,137,136,138,2,0
0.007,0.001,0,0,0,0,67,0.9,0,2.8,46,112,158,4,0,137,138,139,4,0
0.007,0.001,0.001,0,0,0,70,0.7,6,4.4,31,127,158,1,0,139,140,141,3,0
0.008,0.001,0.005,0,0,0,70,0.7,6,4.3,31,127,158,1,0,139,140,141,3,0
0.007,0.001,0.001,0,0,0,71,0.7,10,4,31,127,158,1,0,139,140,141,3,0
0.005,0.001,0.001,0,0,0,72,0.9,8,4.4,31,127,158,2,0,139,139,140,3,0
0.004,0,0.001,0,0,0,75,0.6,10,5.4,32,126,158,3,0,139,139,140,3,0
0.001,0.006,0.006,0,0,0,76,1.7,25,1.9,22,124,146,2,0,128,127,130,1,-1
0.001,0.003,0.006,0,0,0,78,1.2,35,2.4,27,124,151,2,0,128,127,130,1,-1
0,0.001,0.006,0,0,0,78,0.3,73,3.5,22,132,154,2,0,136,136,138,0,-1
0,0.001,0.006,0,0,0,79,0.5,70,3.1,10,131,141,1,0,136,135,137,0,0
0,0.001,0.005,0,0,0,78,0.8,44,3.6,14,130,144,1,0,136,134,137,0,0
0,0.001,0.005,0,0,0,77,0.9,34,4.4,17,130,147,1,0,136,135,137,0,0
0,0.001,0.004,0,0,0,76,0.8,29,5.3,17,130,147,1,0,136,135,137,0,0
0,0.001,0.003,0,0,0,77,0.8,16,5.8,17,130,147,1,0,135,135,137,1,0
0,0,0.004,0,0,0,75,0.4,13,7.2,26,129,155,1,0,136,137,139,1,0
0,0,0.007,0,0,0,75,0.4,15,6.7,26,129,155,2,0,136,137,139,1,0
0,0,0.005,0,0,0,75,0.6,20,4.7,26,129,155,2,0,136,136,138,0,-1
0,0.009,0.005,0,0,0,72,2.1,11,2.5,60,91,151,10,0,136,132,136,1,1
0,0.006,0.007,0,0,0,68,3,1,1.3,57,91,148,8,0,133,129,134,2,1
0,0.001,0.008,0,0,0,70,2,6,2.5,68,91,159,7,1,133,132,135,3,0
0,0,0.009,0,0,0,78,0.4,27,4.6,43,112,155,4,0,138,137,139,0,0
0,0,0.009,0,0,0,79,0.2,40,5.1,20,129,149,2,0,138,138,139,0,0
0,0.003,0.008,0.001,0,0,67,2.2,0,4.4,45,100,145,3,0,133,131,136,2,1
0,0.001,0.008,0.001,0,0,67,1.9,0,5.3,45,100,145,2,0,135,132,136,2,1
0,0.004,0.008,0.007,0,0.001,64,2.2,0,3,85,67,152,5,0,134,119,131,45,1
0,0.002,0.008,0,0,0,67,1.5,11,4.7,38,115,153,4,0,140,133,138,4,0
0,0,0.006,0,0,0,83,0.2,48,5.4,20,132,152,2,0,145,145,146,0,0
0.004,0,0.004,0,0,0,80,0.2,36,2.2,18,140,158,1,0,147,148,149,1,0
0,0,0.006,0.001,0,0,79,0.5,26,7,21,129,150,1,0,145,142,145,2,1
0,0,0.007,0.001,0,0,79,0.6,27,6.4,26,124,150,1,0,144,141,145,1,1
0,0,0.005,0.001,0,0,77,0.7,17,6,31,124,155,2,0,145,143,145,2,0
0,0,0.007,0,0,0,79,0.2,25,7.2,40,137,177,4,0,153,150,152,2,0
0.001,0,0.007,0,0,0,78,0.4,22,7.1,66,103,169,6,0,152,148,151,3,1
0.001,0,0.007,0,0,0,79,0.4,20,6.1,67,103,170,5,0,153,148,152,4,1
0.001,0,0.006,0,0,0,78,0.4,27,7,66,103,169,6,0,152,147,151,4,1
NA,NA,NA,NA,NA,NA,NA,NA,NA,NA,NA,NA,NA,NA,NA,NA,NA,NA,NA,NA
NA,0.481,0.015,0.015,0.001,0.005,87,7,91,50.7,NA,NA,NA,NA,NA,NA,NA,NA,NA,NA